-- MySQL dump 10.13  Distrib 8.0.41, for Linux (x86_64)
--
-- Host: localhost    Database: delta_pic_prod
-- ------------------------------------------------------
-- Server version	8.0.41-0ubuntu0.22.04.1

/*!40101 SET @OLD_CHARACTER_SET_CLIENT=@@CHARACTER_SET_CLIENT */;
/*!40101 SET @OLD_CHARACTER_SET_RESULTS=@@CHARACTER_SET_RESULTS */;
/*!40101 SET @OLD_COLLATION_CONNECTION=@@COLLATION_CONNECTION */;
/*!50503 SET NAMES utf8mb4 */;
/*!40103 SET @OLD_TIME_ZONE=@@TIME_ZONE */;
/*!40103 SET TIME_ZONE='+00:00' */;
/*!40014 SET @OLD_UNIQUE_CHECKS=@@UNIQUE_CHECKS, UNIQUE_CHECKS=0 */;
/*!40014 SET @OLD_FOREIGN_KEY_CHECKS=@@FOREIGN_KEY_CHECKS, FOREIGN_KEY_CHECKS=0 */;
/*!40101 SET @OLD_SQL_MODE=@@SQL_MODE, SQL_MODE='NO_AUTO_VALUE_ON_ZERO' */;
/*!40111 SET @OLD_SQL_NOTES=@@SQL_NOTES, SQL_NOTES=0 */;

--
-- Table structure for table `berkas_pendaftaran`
--

DROP TABLE IF EXISTS `berkas_pendaftaran`;
/*!40101 SET @saved_cs_client     = @@character_set_client */;
/*!50503 SET character_set_client = utf8mb4 */;
CREATE TABLE `berkas_pendaftaran` (
  `id` int NOT NULL AUTO_INCREMENT,
  `form_id` int DEFAULT NULL,
  `file_name` varchar(255) DEFAULT NULL,
  `file_path` varchar(255) DEFAULT NULL,
  PRIMARY KEY (`id`),
  KEY `form_id` (`form_id`)
) ENGINE=InnoDB AUTO_INCREMENT=299 DEFAULT CHARSET=utf8mb4 COLLATE=utf8mb4_0900_ai_ci;
/*!40101 SET character_set_client = @saved_cs_client */;

--
-- Dumping data for table `berkas_pendaftaran`
--

LOCK TABLES `berkas_pendaftaran` WRITE;
/*!40000 ALTER TABLE `berkas_pendaftaran` DISABLE KEYS */;
/*!40000 ALTER TABLE `berkas_pendaftaran` ENABLE KEYS */;
UNLOCK TABLES;

--
-- Table structure for table `bidang`
--

DROP TABLE IF EXISTS `bidang`;
/*!40101 SET @saved_cs_client     = @@character_set_client */;
/*!50503 SET character_set_client = utf8mb4 */;
CREATE TABLE `bidang` (
  `id` int NOT NULL AUTO_INCREMENT,
  `bidang` varchar(100) DEFAULT NULL,
  PRIMARY KEY (`id`)
) ENGINE=InnoDB AUTO_INCREMENT=23 DEFAULT CHARSET=utf8mb4 COLLATE=utf8mb4_0900_ai_ci;
/*!40101 SET character_set_client = @saved_cs_client */;

--
-- Dumping data for table `bidang`
--

LOCK TABLES `bidang` WRITE;
/*!40000 ALTER TABLE `bidang` DISABLE KEYS */;
INSERT INTO `bidang` VALUES (1,'PAA (PESAWAT ANGKAT DAN ANGKUT)'),(2,'AK3U (KEAHLIAN K3 UMUM)'),(3,'ELEVATOR DAN ESKALATOR'),(4,'LISTRIK'),(5,'PENANGGULANGAN KEBARAKAN'),(6,'BEKERJA PADA KETINGGIAN'),(7,'PESAWAT TENAGA DAN PRODUKSI'),(8,'KONSTRUKSI DAN BANGUNAN'),(9,'PESAWAT UAP, BEJANA TEKANAN DAN TANGKI TIMBUN'),(10,'LINGKUNGAN KERJA DAN BAHAN BERBAHAYA'),(11,'KESEHATAN KERJA'),(12,'PENGELASAN'),(13,'SISTEM MANAJEMEN K3');
/*!40000 ALTER TABLE `bidang` ENABLE KEYS */;
UNLOCK TABLES;

--
-- Table structure for table `dokumen_pendaftaran`
--

DROP TABLE IF EXISTS `dokumen_pendaftaran`;
/*!40101 SET @saved_cs_client     = @@character_set_client */;
/*!50503 SET character_set_client = utf8mb4 */;
CREATE TABLE `dokumen_pendaftaran` (
  `id_dokumen` int NOT NULL AUTO_INCREMENT,
  `id_user` int NOT NULL,
  `surat` varchar(150) NOT NULL,
  `ijazah` varchar(150) NOT NULL,
  `ktp` varchar(150) NOT NULL,
  `sk` varchar(150) NOT NULL,
  `foto` varchar(150) NOT NULL,
  `bukti` varchar(150) NOT NULL,
  PRIMARY KEY (`id_dokumen`),
  KEY `id_user` (`id_user`),
  CONSTRAINT `dokumen_pendaftaran_ibfk_1` FOREIGN KEY (`id_user`) REFERENCES `pendaftaran` (`id`) ON DELETE CASCADE ON UPDATE CASCADE
) ENGINE=InnoDB AUTO_INCREMENT=540 DEFAULT CHARSET=utf8mb4 COLLATE=utf8mb4_0900_ai_ci;
/*!40101 SET character_set_client = @saved_cs_client */;

--
-- Dumping data for table `dokumen_pendaftaran`
--

LOCK TABLES `dokumen_pendaftaran` WRITE;
/*!40000 ALTER TABLE `dokumen_pendaftaran` DISABLE KEYS */;
INSERT INTO `dokumen_pendaftaran` VALUES (56,150,'','','','','',''),(58,152,'','','','','',''),(59,153,'','','','','',''),(60,154,'','','','','',''),(61,155,'','','','','',''),(64,158,'07f38c4be05ec85d3796a63944a7dc93.jpg','ebd7d55da5b21d2e718637a0fa84913d.jpg','2af727f8e76dbf729b4d2f4285cca6f7.jpg','a51cb7696452418844a57e1663b2f325.jpg','979c205aa011f47a1be7c2e34f413ed8.jpg',''),(70,164,'0f548cc104e34e70b978d9d84ff651f3.jpg','bbd4c4426855a31aeb748cdeb544166f.jpg','8bbb51c6c62e1cc020d498997b883804.jpg','c14da625efab5682c887e669e66010a4.jpg','90ed307a3206800022ded0c1178209ff.jpg','7f124212d66516421992ecd21c9c26f6.jpg'),(71,165,'','a73d89287ac16fdd2d3a591c1691372c.jpeg','8b4bb8e28d2c2d2a0711ec545db5b0f5.jpeg','4db62ded396934211bf22abfe45d9dde.pdf','2914acc5c39fe107ed4fed60e8f6aa46.jpeg',''),(74,168,'cc76baabb9324f54cbde78a95b2317a9.pdf','b438a6061293f0100255378efa3c635f.pdf','9b85b6b4edfddfab8fc3d36c05e080b7.pdf','d476a41eaa7134603192b32c2d8efbe1.pdf','76e114f2850b8d37db4ddd1c092a0949.pdf',''),(77,171,'a3c075c7f1eb1b0c2bea8f67762814fa.jpeg','0c7507d46fdf76ea373226da9d3df0be.jpeg','00778db12c788cd0d18b26964ce6319e.jpeg','e9661e151e8798c21fb8895b2fc2fcd0.jpeg','f83e5e328bf89553d1456f18d03c01a0.jpeg',''),(78,172,'','57c3409d671058f68adfd928e6bc3705.jpg','','','',''),(79,173,'','fe01dbb2c4e8da53f3e9b3355d995c40.jpg','','','',''),(80,174,'','533c17e9c76ebaab21c7285d2216f19c.jpg','091ca4be9b86fb5df904be553cd353d0.pdf','1bb80c37b87a28da07f0baea76a2f77d.pdf','778dfebe80aff852c4505085f76d1b0d.pdf',''),(81,175,'89f60f54baf76e5ded5dac060fa0fde7.jpg','2cf43713d6ddb23e163af5509c926ea6.jpg','d28d0738c185bdddfd4c4f03d545a3e9.jpg','153406a44e7d07cedc79eb5e7e6e46fa.jpg','b8809f0cbf11bf419b82b5fd2b37f444.jpg',''),(96,190,'2c16b95ba4e156c885b2defa3f7650d6.pdf','0f77951fbf83fc79a157552347089f54.pdf','a3e68024cece4e6379b9399f46445d11.png','c12e6fa8f3f2f19a9a065bdb0f51a49f.pdf','11acd6f4482bd25c3f134aa4f56cb703.png',''),(98,192,'','','','','',''),(99,193,'52ec5cfb5c6aa72b9af95ed8263146fa.pdf','d12f2d2e1c8336b207ee48786d0a9b3c.pdf','7bb636e682cba860ddfef259b795fdbd.pdf','','dc6fa1201903f84b98adeeeafd2da732.jpg',''),(100,194,'01f79a841cdcf5b8698f369d68eac378.jpg','dcfcdd857f76c63d94192427bf8ccd05.jpg','be83e86219612b15fc1fdbf32b5145d6.jpg','586a2a323a259e5213ba45eb56ab65a5.jpg','8864b67c5a0d8ef6a7a2644c8b174c9e.jpg',''),(102,196,'fec68a022ef5488c9298e8bb759b56d5.jpg','78824035079aa60ba1c9072d1fa6078f.jpg','7dbbd06f82103b22e2a333c40b9aa215.jpg','b1c17d123159ba3dd928d30ae5bee5d0.jpg','5baf63c553d6d840ef407346fb1249c8.jpg',''),(103,197,'50735aafa1cc03b4b710b2ea69c579db.pdf','8188c4e4da8778ce7939b6a79bfac7a9.pdf','a75ac6a7af3fcd48c8604728aa2ad8db.jpeg','2d0dc1c607a977d0c891b027ace2bb4c.jpeg','24b2d5c1925b9b6f8318b5f8e5c5c141.jpeg',''),(104,198,'7ee63f4b46a8b124c6d59d2a53ac16a9.pdf','4047a562c0fe4f63026ce97ccd66f361.jpg','5b656747c9b66be76c8ef5280e458110.jpg','b84f65798136dd80ac1334121731e59b.pdf','a58b57227756b804cc8e1638c3933196.jpg',''),(105,199,'','8964f102beaf2ae3bd1a5cd324e314b0.jpg','a7df2e680c15fd5e88e0b524473d223d.jpg','f18dbf252285f5160be35a651bb23cc1.jpg','364a4e597517d918bead22b7771c46da.jpg',''),(106,200,'161094e3e126c1c5cf7ec908661f60ec.jpg','58578fee70a07514dea4c03e03c5a0e7.jpg','669d934ddef4c0c2bc0136785538266f.jpg','07bb9dffcba39ce457fd8c0f935777e8.jpg','1aa5907afd7fbf57ec171b25357286d4.png',''),(108,202,'','d769fea55a7270bc6c0fa1130104e784.pdf','9acbbee21d7af3bdafabbbf530d74191.jpg','','922f256b4a4ceee4d121d384c0fed76a.jpg',''),(109,203,'','','','','',''),(110,204,'65428ce56a6fcc5afe5b1c3b66a09188.pdf','cd9ee6cf2aacdf6069a61bc602abdbe4.JPG','a1ebf743f4482a0d6bc9d75db5f66793.JPG','afc18a9ed017533553ec38e08739a812.jpg','9bf64e007637eec815f0f52510caf6c3.jpg',''),(111,205,'4c314e9b67e28316aa5abbc520bac9ee.jpg','b8425d253f0e0e7e0909d8d87dce90a5.pdf','06717d737f93e18dc1eceaa9a2c08c4d.pdf','043c977f2aefa37bb2232cf9c434ddf7.jpg','73011ec8d614c84ab119eb919b822bdb.PNG',''),(115,209,'e4eae47bcc0e1be6763c4430751216e9.pdf','cdd256be24ce8d5b526e84c2fad79234.jpeg','0ca5827727f90215c342db8f48f1e6d6.pdf','797a75efd9e6b968664eda7c7fb1170a.pdf','991367ece89f8dde80a28245bacffc92.JPG',''),(118,212,'11b50560b059a206c394be68419550dc.pdf','0d60c45100dc9d8184f43c41430cf97c.pdf','87efac85e0e0d7911a4aed5a8ee22900.pdf','41d323e5a339d207558ec72f544c56ad.pdf','7cd4ada60a190487621c13ee9e421810.png',''),(121,215,'9894f0e81ced1a341f5f3781eaf45bfc.pdf','ff45a136a0158fdd03c0eda7f988d4e2.pdf','6ceb7898bbac3ebe903a98d82b68ccc2.pdf','d5a4239d95e24f55499048e91ed7380e.pdf','28d445bbc52ba3e3a44f9d96e59ba24d.pdf',''),(122,216,'2aca7d8b39a61b8842f6c320bb366378.jpg','19d44d16b7c1ae522aa25b6eb51fc8c7.pdf','f50a0719ab14df90ee8e316db127dd62.pdf','c9abbb2c756f019510c64e0b407c0675.pdf','6c0e39f38600c10275d746a5290b33c3.jpg',''),(141,235,'deeda4dc316e5f3b59d6effe34960b82.jpg','fcfb15c572ce694b34a2ebc6d911e624.jpg','04d63dc2a1fc8fa25527348eb9de6254.jpg','151f4c664203cbbb8cc124d7ed373d11.jpg','a0b6283d94dc9d4261a0824caae100a4.jpg',''),(142,236,'','','','','',''),(143,237,'','','','','',''),(145,239,'14ae11426c3b39a5fe6646b67569de45.pdf','97c84dea8c23b8fae8fdd5233133afae.jpg','4ac3114a4d806184cedc9f90c4c9f895.jpg','6c45ed28ece4ba3df6113cb7f6811049.pdf','7b8b795b58b32c02b97661cafc35bba9.jpg',''),(146,240,'','','','','',''),(149,243,'c970c2ddeb25b2b75dedab6124147814.jpg','354703c8eab83e5b513ebe41049d3be9.jpg','cada1b8a3ff2c6579a19c3429385b1a1.jpg','92f230790f38cdd3491d4cdacc9f4e1d.pdf','7398695241151d6d82b3dd7de3995fdb.jpg',''),(150,244,'d8b392a70fe1543700f45e52732bf9ec.png','21292509658b866bb1c922e5d5cd52cb.png','a568aac5c533aa98e054baac52d66de3.png','c1ea0bfe23189408447149c1f280aa54.jpeg','1de87b7485bca8a50cfc623a223836a4.jpeg',''),(158,252,'d1713126be251483d8a77e2bf7a327c9.pdf','ed260e0a042163d947b48c8bfa2b5768.pdf','c7b85c7a566b1a7fb35ad6e9ed89eb90.pdf','38c01e96a84632fba7059c3572ae6f8a.pdf','a866e90c0cbd75f0520f18456e46f470.pdf','cd4363f0dc1a463186d2bddfc9eba90b.jpg'),(161,255,'7fed68575b0a6046ea6b564b325f5f3c.pdf','5d3b675593d95a4003143097513e2135.jpg','69bb0f6144b49402b98b393480fa1082.jpg','97c14fc318d8e90bf3fed52efbc92cd4.pdf','b823c61c287deffcd72cccd389eedf2f.jpg',''),(162,256,'e1aba135afede9058a087d1568732779.pdf','5344c03a5b22686bf08bf96b455f752e.pdf','5846ca9719a9c3df42b7dbfbd69b9056.jpg','b3afaf02dcf0a55aa709b1eab9bb8ccd.pdf','43cbad1b6b1541943a6a9f4fb00faaa8.jpg',''),(163,257,'0ee7fadc944293db0b1b62e837d07c38.pdf','f4806b079604ff0c70bfecd9f9d110f5.pdf','0e65ea57380334cf9c2330d8e289a9aa.jpg','c7b79a6876ef43298f4deb3726f01f0d.pdf','0edb5ce2e0a8857cbf5cac6ba001bc60.jpg',''),(165,259,'','bc6959b4f65c3ec0a1bd739c3ce9872d.pdf','6f1ddf753fb9280e715edeaf419fd43d.jpeg','','7c6a764c620f1962cb22f2092bbe7706.jpeg',''),(166,260,'41b967c864f116ce570283281fd1b2d0.pdf','65df7b8daf214dbc7b32be4d0e56c73b.pdf','4ea8d331a8fc900a2f44676bc3a46199.pdf','46a5b02e2c60e727cf4142c1e9b7de28.pdf','8fdad5e509dc1f7992eff22f31b97151.pdf',''),(167,261,'','1cdc67923a7a0a7119579878e18f6c74.jpg','2212fb681300d62a91d9ffa502dfb3b1.jpg','','692d643e76a0518aa9c4b612312699b1.png',''),(168,262,'','e552c589e59055d27a8bd9d30abc0413.pdf','610712c767b336f7ef8e132dbba98656.jpg','','2a9819782192ebe5f3a93e1afb5059a7.jpg',''),(169,263,'','','900a5ad0e5e4bdbda544cebef4bf6865.jpg','','',''),(172,266,'','24cae46e8ea8d314beb9fa0fc0ab7d06.pdf','63f9ca353693d60b20f0cc6a0abb7e21.jpeg','','5ae3fe42af48020be5d749a06ec0592a.jpg',''),(173,267,'2ecf6b0398d1dd9234949c4f287c1ebc.pdf','9f1a2085b7f0edd901192d0c5f067e49.pdf','a24ba322e93634678027c5e56ba165cc.pdf','2eed150696060435916dd7d7f9404ef1.pdf','00d36515639d5c075f8f1a3ce5d2fe68.jpeg',''),(174,268,'','c63ea02154ca6ef8e387780b808e842c.pdf','f48e96618550b6e1bab200dde446d73c.pdf','','fdbd2b26a55e0daf4f54573961573ed6.jpg',''),(175,269,'22ece9fe9ad5d09f661d1e5102555d42.pdf','34315ebfc48ab97f9164467e44d7a908.pdf','d574227360a7b7ce9c455d9144197bf2.jpg','917365e3d6016da1635dcaeb1554c9b0.pdf','e3b3fb23ac48877c4f07e73e750053ad.jpg',''),(178,272,'','8f18c278b3e66b28a239384392626e5b.jpg','49dab66a2e680b03c7418f0189da90f6.jpg','','86c9651de55733f092f01f97b3e8f3df.jpg',''),(179,273,'','','eed29c8448a64eb3b0743f4b2fc06883.jpg','','',''),(180,274,'','00d4564ce84184c9b1ff2359daca3dda.jpg','599fca839ee19f92016622b145c0164d.jpg','','efe486eeb6ccc13038f187d5f0456846.jpg',''),(181,275,'','aa2f05800e0371e8689337c1ab57f8ef.jpg','d5f064cc747127a5cae5a5068c2de78c.jpg','','6a3e37c8532962e296cd5f394e588a0c.jpg',''),(182,276,'','','','','',''),(183,277,'','a22a6474bc1955146c88eb24a2c9af9d.pdf','417facefd5c121b048903c6db8dd9a23.pdf','8d6f25427d6ba819e28cceb67896b3fd.pdf','54c276cf12da7b381bbe686fa5b409c8.jpg',''),(184,278,'3fa223b8f427cf0873c62bd704053ad0.jpg','1b732c70c9c60c3c50473d9532e3abb2.pdf','2a8d822499a24680d0a06d31cf442de3.jpeg','d42dc372db289b8bb32dcc93299068d3.jpg','5e15a0079e2caa076cf4725ce5476fe0.png',''),(188,282,'609587be60e24543cf52e82b878f23b6.jpg','aa1bb05af95d5345390a03adec221304.jpg','eb36fa22b68105449ecb004e7a2fc0f5.jpg','8e16f9f395a97f4e95d21483464f2451.jpg','3ac7bb5d5c2c8d071d7f771f864b3091.jpg',''),(190,284,'7f2c1d9a87cf7d0991c689e0b8721e38.pdf','acd28e1a15c8618cfacb837b69c284f5.pdf','9133c73f688aa7023f46d2a2740b97d5.pdf','c9a16e1648592f83a3c050959b76886c.pdf','5da35a99dc2a148c645b9a768cdb0b0e.JPG','bb833e2be04fd18e79a943428764f581.pdf'),(201,295,'4ee06dd9200e2de1ab8c1ae5e2b0b364.pdf','0f4c8660f70d01099ff17a3801240208.pdf','aae0a1d6d73f012fea8d4b71517ffbd2.pdf','82c690082efeed9952c81cd1385372e1.pdf','f9feb91923d726164a217dc64b798d52.png',''),(202,296,'0eeb1f8a80b919e1f3c2fe3dcc232bd3.pdf','0ed4ba6d64f4c1bb76427ca9594dfa33.pdf','1a793b082b1b055adcd2e83343048254.pdf','5d8049288ebade75e4d7a9064e40df7f.pdf','b66e3e950dbc4a46e2446149aced06dc.jpg','298b5dba739ee1c06e71ffa3907b5491.pdf'),(203,297,'b0831b31b36da6775a06659ece6bdf48.pdf','642ca1d0283b617945fc0917eadf6eae.jpeg','539eafda08bec230032ab61d521c83ea.jpeg','4a3156167e8db38a8462a0115ba96aca.pdf','3c254b9fb05fbb4ccceebb16221c8895.jpeg',''),(204,298,'dca9bc27bada9ed5ffb40f4b96667bff.pdf','400afaf398590f41dad2c3a7e185cb76.pdf','78e67d0b08e648812cd7827a7f797875.jpg','9e0362e9dff7a29deae4d7d48ae64f60.pdf','77ec81ecabf6803cfe69a7bb5315a07b.jpg','e5905c3b383581ec0d769436aee026e9.jpg'),(205,299,'e7d2056ccc491b6e370d23b2f2c8fbb6.pdf','869decca6c2a9743a90237085130028c.pdf','a2b40ba83348d0aabd89dfbcf0d5d9f5.jpeg','4e5f32433976a7b2f88e8b9d36bb5db9.pdf','0ed3635de305fea2a07c29397d150380.jpg','c84842851b39629cbc70ca7f72e2c0fa.jpeg'),(206,300,'0cd0bf045608255bbc74c49c82459dc8.pdf','682edefad4ef1d39642833e4878a4e42.pdf','e57e8d9cb78095572ec376893f392cd6.jpeg','14d9164710baca7b21bee952e07ede69.pdf','1d2542716d008a08f98f6c613883d37f.jpg','8eb5c573251e3b85269340bf1b92249b.jpeg'),(208,302,'b462cd7e94fa016fa110e565e96bb6af.pdf','5304e92b127a98f1be5211201e90211f.pdf','5c11bd03a5fde2cb3d7305fa089093ed.jpg','7d055b2690a24267d77b4aedb82ca2f6.pdf','fa99f4d287ea8d12d08cbc9e2739a544.jpg','7a96024ce7c99e071fd8f4e798051b27.jpeg'),(209,303,'87706dec0b0b735c08f4b3928d08d817.pdf','16f74532a9b1654bff43fc53c6d619b6.pdf','614c872275de2795b67b4860dbdb5487.pdf','d2bda0c5c8ad0f00fbef2ae0ba313ade.jpg','639d136d9cea5b2fb0342c7a4682d3e8.png','cdd4ecc8f01880651f87b0397eab9d2f.pdf'),(210,304,'','','0263ef2d3fb9f57a14690c4e06c4d6cb.jpg','','75e62f74b33d6c4d8215597b72c0feef.png',''),(211,305,'','','7e26047ffeae379d9d01413766748b13.pdf','','','5c532937e2db2b6389681456a783d562.pdf'),(212,306,'5a816adec92eaa61e58c0ecd8d581483.jpg','0db791f83349ad64b8b01e9294f821f2.jpg','cfc974f45ae03c3955efafefab5aff64.jpg','d6b09a0b99b07ca89edd5ec1bc8ff7f0.pdf','2c8555620d94d6423f563193e2e691ad.pdf',''),(214,308,'68f75791b1ce5906cf2aa38790db6e48.pdf','1e905d4b93f5e769fc7d50393e02ff9b.pdf','6d88e1e1e84c7be178f617c803d5455f.pdf','aefcd27259a15007787ac7606e94e42c.pdf','d288948f41582cce2e04d0d0560a1aa6.jpg',''),(215,309,'bf5bbd7bed3241f0e308e7c40ff0079d.pdf','b48fba359086f0e7471b9a140b4870f6.pdf','92446fe70c4c99b9aa56ff1d63bf12f9.pdf','9420095fecf5f9c9d9243811f99f635c.pdf','99d63b7fb0181611baa6a28cd8f2ffbc.png',''),(216,310,'4f7be9a4121492db311beea5734aebc0.pdf','324a7db9f6557d891592ce6298c1826c.pdf','2ca9f0b4ba443d580462ccf4e9c170fc.pdf','5521c95799b01c22f5c7672ce7b5c4d3.pdf','4dffa608cf7511149e4a4cc61d020ce6.png',''),(217,311,'2bf65dbda478aa90b95925b21f4b7d1a.pdf','d96939ddd5a4d4556ec4bff45e07ad81.pdf','eb1d91468a39e1fbed0afe7cdb53c0cd.pdf','e9ced774bff84d82468030563349a4e4.pdf','9ca4bb63fc0d94ebfedf493abaeda3a4.png',''),(218,312,'583aa48e2df7022ba0c272d8099d1778.jpg','a5ac0f95cc8686712a79480aab2326fc.jpg','158e2276eece635bc6108408891a0f91.jpg','','c2f3a3861ad17f9c606cd7f594bb2481.jpg',''),(222,316,'d83f2aa9ed0cb6f494327d03b039c882.pdf','4d723a2751d29eac7a00bb738adc7b0d.pdf','378bfb2f3c257f6962c1de005efef76f.pdf','a8ee70376e1017d3739c356aca5600a3.pdf','6e6c4ef4f07bde0f512b396a398df68f.pdf',''),(223,317,'','','','','',''),(224,318,'710bfbf3c2333546c3cf8f2d62789366.pdf','1e1ff4df8e5e40f7b61891daf425ac83.pdf','e136cb359675e27d201a63d7e6636e7a.jpg','1a1d1e64b630f2237fd85f3348902ef7.pdf','1e7f8cd4ea0f97800dcdf64e22cd0512.jpg','c94c3baa73561e52c74ac264e4176ad1.png'),(225,319,'','','','','',''),(226,320,'186426180c29fce1a295e944aa49b47d.pdf','770fed2c6ce5509d81c5251f13ec072c.jpg','c84c52cfb898aabf179b882b1b603c87.jpeg','715a0c538753d25958ca1e3385fe7946.jpg','39b771e4de2747c0e2e4d35d3994e5a7.jpg',''),(227,321,'','','646a17ea210fc1a11eebee3232f3183c.jpeg','','',''),(229,323,'be598aefe0a4a9e105bcadef998f56eb.jpg','2f4a860162905101b8f869cd2d07ccc4.pdf','c27772e4ec3ee1989fdf3d41ca9e537f.jpg','80cdf06c7880a503732ba7e69754da85.jpg','d3de06d0fecbc6926853fd96701c223e.jpg','03dea7756319e5b13f18648c3b736dd3.jpeg'),(230,324,'d6ada0d8c11f1db81a34238ecc9a2bc5.pdf','16028ff863164e9a5a4282d979734d79.pdf','079e3a0e417720f83b325a9b6caddde5.pdf','3c45a684fde0ed871c29ab4df28f83fd.pdf','',''),(231,325,'','','','','',''),(233,327,'','','','','',''),(234,328,'8e0301e76d7d6753057e88112861a0f9.pdf','e1e948de0803c1a95f5ce0216cf3cc10.pdf','4f0ba133ec71aa5ee1133b2c3744387b.jpg','049cf7be0db98f2463d14c174e5e780c.pdf','f9946a090e42dea04132149be6b8b7ac.jpg',''),(235,329,'b637d7d38da1e60f213898ad46ffd926.jpg','c394f36b56791c92de0ae7dadc5a6897.jpg','68b3fa53fec1d2348fa63f1e1380e08d.jpg','92bb9cfe4b464c13c075945b115d02c4.jpg','d31d9ee3ff2080169f466f2775e7ba30.jpg',''),(236,330,'7806449262bdcd86bff339c3897dbe8a.pdf','4bb9f79f13fee21487b9343859f99049.pdf','808e298c607e99ddf39967bdcdeda3a7.jpeg','8d5657ee4f79c542180e774de3833522.pdf','3dc7974d600e397f74b1b17ff4125172.jpg',''),(237,331,'f4a2e641c0a63c7901b4a29fb4d9a812.pdf','386f6886809bfbae7ea231cc1fd71b1c.pdf','fa7a3bf13eed7fe01759a243733567fb.jpeg','b3b4804972fcc41a6fcac3b381ed540b.pdf','dfebdd8074415361a7703b37340bd614.jpeg',''),(238,332,'9474e6d39717e0a6f8e6121cf5e4a063.pdf','57eae34108d412398d213794a2d7b3cf.jpg','bf6c9e0404c98b6bc57f8161acd328c1.jpg','a03efbd4abca81568568771c4eb066e5.pdf','9352327360e512e8c6e445ac67067242.jpg',''),(239,333,'992570fde84cddbe8d0e2cd48015d315.pdf','4e4fde835ad2a32c4ab03021b248ae49.pdf','6376d555d6388af8f2527daf5c207551.pdf','539ff1863431e525d16c52eb9a9a97e1.pdf','78e0ab2dffce7891eafa978737b31117.jpg',''),(240,334,'58da004125592649a76f12d178bcffde.pdf','66d98b705fdd0f1e2da2a6da8a9e87d2.pdf','5463c1b8e861017d6a669f6299b07f0e.pdf','4af3db483028f872c1489e54987040e0.pdf','4605e63d9ff7eed9b86b19038b3f7634.jpg',''),(241,335,'ec529071d0354890af50e3ea7d382495.pdf','8c46a8a544830faa80cfb254de399fdf.jpg','fe67871ae77b44c8825507d4fcb071e9.JPG','e71a83e4fc315eb22d3ca6320f0489e9.PDF','',''),(242,336,'cc203e5f179ac3aa519df26bbad49716.pdf','234156074f99953dd481a21f95fece18.pdf','9b5afe6f0df8ad25ad97a52fad21515d.jpg','8e32d4f094a67ddf421e0f31463c0bc2.pdf','c62a5d8eeebe8078cd906c3fec23ca06.jpg',''),(243,337,'','','','','',''),(244,338,'ef25619c1153acc4b60ae5b2db1e8618.pdf','c4bd3030f81b0a03f32483ba86de2275.pdf','8eabbede07c31080f27ad7393a47d80b.pdf','5eccaca51689042c63a3cc3207f7d039.pdf','028e385952b17718d86f0c011d101eff.jpg',''),(245,339,'a7c0ef9ca709ade238e0792f3757610a.jpg','95c5d5c3134311890e8a47eeb6046c4c.jpg','3e93d6a3f53d5b6818e31e088e526128.jpg','5c4259fe25cb415013bea90fd6784932.pdf','30ced52c340815a76c478fd5dcfb4587.png',''),(246,340,'','00b639d2c6983868510b7271dd9dbf20.jpg','441a0cd8376bde5af24e5a0a9519e287.jpg','e76c6da54c27a2f8a281f5aed34add70.jpg','08357bc0d32ea901cfdedd99638ab597.jpg',''),(247,341,'88078a72b9ec925d637764b7235c918f.pdf','eccbaca8654831478b0a731553f53b54.pdf','0842202dc9f9e8e6440aeaaacf993f4b.pdf','279afee86d028ac1005dc9de232e2cb8.pdf','bac55089e5148b1231e005b35f4d5d8b.pdf',''),(248,342,'eb2d5dc5175e0d0e76072229796b32cc.pdf','4774ec28f239de164461f1edefc260e9.pdf','b1cbec2d572dfad2393a0dc6d9d7034d.pdf','be0d3d7a488897032cad061fa5747213.pdf','780750f0d41703798e56d40b03a115aa.jpg',''),(250,344,'e7281138f023ace454cd649ae31c3490.pdf','77b893713f25d948c0a669ca307ca608.pdf','d80770d5088249e404086e223a70a32d.pdf','4853eb9c41e5f09467006cc96a3b3c6b.pdf','80a740e1eeaf9765a55fe1cb257ea502.png','63bf40b43195f604c3988bd902b9ea76.pdf'),(252,346,'74c42670a34dbb93e4a3dbcc03335022.pdf','8be37655eea3a2febe4f5b9f8b18da54.pdf','17bd8cac5761e71472b27b56c5c61823.pdf','9d7785d2785e824b657a08ac4f684339.pdf','1e3e942bcc8cd5b806670bb9c611f62c.pdf',''),(253,347,'68701f54f81133f4f84c50f5828bb15b.pdf','e9cdc3dbf1858ac04ac2022f6d667cc6.pdf','776f7329276c080cab7fba5716a991a8.pdf','0d191af9a54eaa5864deb9bbea6ac069.pdf','b28d2e9d98f5dbcd555e54ed698be107.jpg',''),(254,348,'12a8f2c4e9abd96a7372fa26759d0c3c.jpeg','6ddfd9c3541a19d0e135f207282e84bd.jpeg','244c298b4c76f318eceea1f2641d2cda.jpeg','cf628d13903791ba1b4ec57942b411fc.pdf','6e1f747f0927f385b0fab0a0adc4fe37.png',''),(256,350,'52f2697601295fa1d5e32e94f277af27.pdf','2aec665836235edafe7cf8df664a1ce5.pdf','555cc2fbd58c46b56b211695b4ee0343.pdf','39e2dd79a6a02e9a43545adbef742155.pdf','ed52f0a57275676e4a8945b93f32e7ec.png','5e8f5be8d53caaf5512914d31c3c8572.pdf'),(257,351,'96801cd8bdf4c852adde56302c15b589.pdf','91e1c6f590d123c7601ef9788a28e081.pdf','c1e2c16af84caa4995bb69997493ad0c.pdf','fabd94e544108ae1e902e4ab91925889.pdf','4dc8dbd79652cb79811128e0b16aea97.jpg',''),(258,352,'78d58cd63945af26bfe72d3d100b10e0.pdf','4dd39ca71085553a45fb788ab5f5a647.pdf','dd897ee1c01e00a11ae758f6862e136f.pdf','e721dc92bdd686f53ce4a3096939e076.pdf','8657425c9c496305a73570c98cded941.jpg',''),(259,353,'08aa3589791d8aaf9e50b69913cc31a2.pdf','144f5abf4fa65f784e66240a6093966a.pdf','37585c589e81e07e96194502fbdfe47e.pdf','2ee20148bed5d541f91ce3f839d227f1.pdf','e80c402d28c411b4271107fa83eb32d1.jpg',''),(260,354,'2e8c74c550104d5e63a20d8e67bc0a28.pdf','a7f3127ab3d7ae5e0c93d77fe202e1d9.pdf','dc9495a3d5b68dff5a24ef1723320090.pdf','63bcc9ef4d0da3e31f2aa067c58687e1.pdf','b48259f04a2592508a6e456bdbb5fa39.jpg',''),(261,355,'ad766b93776d95fda1b16effff305a1f.pdf','783986c078cb95301d9ad8f63c895fa5.pdf','3a202bf66bb2209d357b9a1ffd7f9462.pdf','d03af6008a75c0164fa67fc74c07fa20.pdf','17a3ca14b7afbfae956c287825330837.jpeg','a6eee74dee8dd9e52659793d2342c508.pdf'),(262,356,'4f08609d4b650ba81b8b583203d37037.pdf','b35580baa802af12de79b270eb8200e7.pdf','daceeba73a76468454805553615b7d3f.pdf','30fbb69faa0cbcc17f2735feb215b1a0.pdf','622c3351c5f2c212c80962f6c9a373ce.jpeg','ae753497f567a7523644acf6d808c1c7.pdf'),(263,357,'1aa0f3cea55080dc1c536141a8bfde36.pdf','2a805efcbaef249ab9658119de369aaf.pdf','208cceca819e8e12585dafcb5dd367cf.pdf','f51456c6f173fc450e1b513e12fb05e9.pdf','3ff304a5582fd14b671c25ea093369f3.jpeg','ee811317ffe9a59341e3b01887d95fe7.pdf'),(265,359,'f4c7dbb98baf0954c98fd48ec99bbefe.jpg','1b277390733d0ecac29d4b8c0e38ffad.jpg','4e664dd67259ab85084b3d24f076d39b.jpg','9114c37e0312556233df1af8403e69ad.jpg','e7884762162f7691c232930ad6a24a58.jpg',''),(266,360,'9499cae55bf16e559f9c7d3ee57699d5.pdf','3db32cd9579991bd8c04c0009477b4a8.jpg','ea34e574164ea2e320fd59a67204a4de.jpg','7e0b60a99f42838bcc396560414f9555.pdf','6f749a9b4382cd2663e74f7b4a6d688e.jpg',''),(267,361,'cebfdef58b66c83c1a6bd3827162fe4a.pdf','24614cd378a958b0ffe64d7b724edbb1.pdf','111bb7ad154fb0b90f6b9fbddadd96df.pdf','70dde0b00abfe903303d8035626efce2.pdf','2c0789c044f5e9cc01d12c620fbd21d1.jpg',''),(268,362,'402f15348213b3de692769bd30a9c620.pdf','26b8d3797f04d9708ff00c507575251c.pdf','1a21344c319007f57f75576fa529ae22.pdf','6587ce8005088d76cdec816209396a85.pdf','b726b1517eb4ddf63bd75aa407a624be.jpg',''),(270,364,'71d4f339ca97dddd7013931e0cb3ea07.pdf','7ce96d5dcc51d70ec7714ba6fcf7fc32.pdf','aff97c1f761023a8fa85099743e73d3e.pdf','ee116948d20879897339f48aab0cbab8.pdf','da272669530604a5c920becc3d7e9abc.pdf',''),(271,365,'5ddde5b77afa9838c9e09ff6fa25e51e.pdf','5a5d666da7140d8f40c309f4e9c0c4ac.pdf','a146838e860f52b783a4a27684940289.jpeg','950628ee2e9912f75cdeb141f9b42f72.pdf','22ce09af01d3d1e34915514231599033.jpeg',''),(274,368,'3a496ed93855875198ffe1f54e3c385e.pdf','2079f081d7b793a6dbfaabd313204524.pdf','c76272c942fe68e4a08b71f6aa025f54.jpeg','ac047d5a70a421b8f181177eebb3c176.pdf','1d27a8d88ce8af90555ec5ee2ba8076e.jpg',''),(275,369,'e7b58346e47f2fc4aeb228bb8ec2e301.pdf','35e1a37dbe02f9dc9bebfb7682b327cf.pdf','55c6b493314fa7a4cb87e453c631f32f.pdf','779e7dad00d2022826aab655ee622033.pdf','200f790cffcee247e762ded56e1d1fe8.pdf',''),(278,372,'','70472fa06e169f555f3df0b1ce982c81.jpg','','','a37908bf09f77aa36b39c848b3bd6e83.png',''),(279,373,'','6cd2401f0bad6e8d29c02eecc7b3569b.jpg','','','e0af42fed28bbc411d3a69a0376a3c23.png',''),(280,374,'','d54ee3f9d5693a9541704e2949ea171f.jpg','','','a0095a8975aa21b608bac0ec6f10ca6f.png',''),(281,375,'','935e0fe90c59681b3ac3655ee556924c.jpg','','','5fceaf88fb7e78ac13b1c0bacb597efe.png',''),(282,376,'','54948dc0388d2ac6e83fd0ceaf2f7ed1.jpg','','','57121e493a048c248e7630951daea27b.png',''),(284,378,'','f9609893902b2005f9ef638ff7456712.jpg','','','012abaea88af1145fe958a399b6d6c05.png',''),(285,379,'c990f8e230ebf76881cd90b3ee56df35.pdf','c427a42e5dea948c9176e0b93e3a8801.pdf','99e7da8ab02de811686b8f1dfde12d70.pdf','e66198663cc7288e9282cf0d38d8edc5.pdf','0788d6bbae5572a66c73c2968923ed5a.pdf',''),(301,395,'e6ce738ce22e247d09aa9092fa26c8bf.pdf','a4c02376cded0ad65ff01768bb0bff37.pdf','495e9e223e223c991b3b2b7b83808487.jpeg','0ff84b2777771f2927eab03c6e7f707c.pdf','2e29e64cdfd4a7b47c6a0a169398f0fa.jpeg',''),(302,396,'dc9618d207e2b3ba19c0d3eb6fd365a7.pdf','05633d189befbd53d8976eef6a90f460.pdf','ec478b9f461596a38e5b56b69281d5e5.pdf','716f31951112d1728a67bfefef19da3e.pdf','6da9f25c22a907da33e5e3954c6e3952.png','5967308a9f7c01762cdb06a8dd69d038.pdf'),(304,398,'1e58d0bd061a07bf80997d8f184838ff.pdf','c9b96ed9461832a1a5a1e6e46cb82add.pdf','62147fb337be8eb16a54d0ebb227c8a2.jpeg','23fdbe6efa58a25036432dc23d48fa70.pdf','2709f8c6a5143b580b69eba77140e8ac.jpg',''),(305,399,'2fa859b92188acdb298b12a1349c576b.pdf','475ae2ed2d8b11faaf65279d5395858c.pdf','ed726e1ed8793789add17a85f4077d15.JPG','f196899ef276679d87bc669176345d4b.pdf','0f14b05967d1e7214850a9c13e7295e9.jpg',''),(306,400,'ddee061b3915c2df6de244ed6a21ef15.pdf','5fc50949f60ae19fbda36c661cd7b040.pdf','2f5438cdf46b1be39344e3698c6006e3.pdf','d3fe9bdb8a2008471de6e42e58a31a6d.pdf','7c387168da0db7e671164082868901c7.jpg',''),(307,401,'','','','','',''),(308,402,'20023007e17750f78530bcecf0c43c47.PDF','4653a09108eb990ac97259a9e505a351.pdf','5d79b171d99f1b0839b10b2aad5d9c9a.jpeg','fd77fe74eff5a2dec2b9667169ed7f92.pdf','fa6552a1063c9887e6524d8622b20b23.jpeg',''),(309,403,'','','29ab36df2c5d5ebf1d2fc01981a5321a.jpeg','','087e01f21735431dc54fe45c279cdc33.jpeg',''),(310,404,'ef7372af2fa854ce09fb17e5a7afe156.pdf','910c30e7ba4bfd59863984b3d71f90d9.jpg','04dd78169b07d18fa49267f09bf9ed0b.jpg','45425e1774378c72a577d752e676dd8c.pdf','3cd0efc8212a90a65b44567c0d9f5f81.jpg','db36d772b56c6a6b6e06f61c132b58e8.pdf'),(311,405,'8b35147fc48ed551d93b3311d9edbc1b.pdf','f38c454753e92880a55c69d0cf4749a8.pdf','275ce847b5f3cb0e40bbc41129349565.pdf','b7c7f8276021d0a29a02ee1e7dabf51c.jpg','43eadc1ad0564f5e7522247e44a662fb.png','86afc78f6924099756c9703175938bcf.pdf'),(312,406,'','eb96a8104ec21788d69e5df8596a6b61.jpg','84a42baff82a6f9d2feb6dacec6e5fbe.jpg','','4db2f1d318b2afe71e67ff55754cfceb.jpg',''),(313,407,'ddc42581bb1689939f69d8d37e0f62e3.jpg','43eb69a0f757e7368b0d4a4e9417586b.jpg','1a90d12f2ec2eb6f657f4752d1f9ecc7.jpg','8a05109a7f1feef02edf68e0fa2ab94e.jpg','c9eb27f7470c7d0401729047dd5620c3.jpg',''),(493,587,'de3c1d7c11f95afb0fbec3659999e280.jpg','5f2a3e4483b4e88d13a46b4980f663a4.jpg','7591ea246481a7ea08d37bc5360055be.jpg','4fb0bf0c36d05b4ea10a50367b33908e.jpg','b291ee71846dab75f1903042bfc4a5c7.jpg',''),(494,588,'0269fee50a455ba36fc24bbdaeb5cd23.jpg','2dc9d4c02242ad44b4b86a342cbacb15.jpg','e3c825d0dfc4e04207298e2ef43e23d9.jpg','620c3ce036b3cedde9bb8c8741749502.jpg','516dadd38ccf5d06c228857fb45f1932.jpg',''),(495,589,'8e942ea02c83de0bbc6a54c01f12fd17.jpg','ee7603d04eb0bca73ae38e76c0c5b6f8.jpg','14d594c93617d4c26e9ca1d8823afa42.jpg','2707f7b31839ea72500a9430f20a7e28.jpg','f4fbebd16d0c0d4c52922f6086484574.jpg',''),(496,590,'e4a3ee97724a5dab2343d5a2499aefc0.pdf','5c08b16b4c1b603273f71f5e704de645.jpeg','d7ec44024fa8e52e7645b84f339bcebe.jpeg','d816cde7d9c4b3a8bd9ac787fa7b687b.PDF','f0c299700eb056bb6423fc40d3598edb.jpeg',''),(497,591,'','73db7ba579ae8e914f1d4bf6064d875f.jpeg','dba49ac040d12b08afe7c47927b64348.jpeg','','',''),(498,592,'4639223430bd9efcae896477ce79ead2.pdf','dcc567af9541e94fe5cab93022a1fcb1.jpg','26a9a06b84d6f121371889d405cf585b.jpg','6d1ea04f7fa3e81bc2ce1df6f0599b4c.pdf','9bd59582a485ccf1a5424b5b60120fed.jpg',''),(499,593,'a6b1b2f161d49435f6dcf0daf52081d6.pdf','a8d012e8dae9bc5cb5bb60f65d748d7f.jpg','65c5283fc416d6df3e20a3884eb5c4b1.jpg','27fa6ae3e38e2e5abca11f7e3617090e.pdf','0a0fcfca216138fb0e8d79873c574d7c.jpg',''),(500,594,'98a88c418afde04c49df58a905230c66.pdf','833285e179a131111cd15edb91e04ffa.pdf','eec95d0b8f0fef6e70a577656d13ce4a.jpg','3f33fa8e95fef012250b31f6fdf0304b.pdf','05e21d1ea8c2601c463f8909c15e73d0.jpg',''),(501,595,'0688d0c9024cb7b6b0e1dcb79dae3c11.pdf','a1d122ad4d3c1eeb0ad6164ba9d0bbcf.jpg','5b3853f04a78c96afbc34bee5e13ffb6.jpg','a0d33bc1fc90f85486809d5483fcbd7d.pdf','1b33dd8200e8c9e2c9765fa694f779ae.jpg','c1c8f8b257f678d9a693235d7c536431.pdf'),(502,596,'e2eb1945bb9754a1bd6506c42aefbc7a.jpeg','4bcf57132544dc3e048f1d29719dfd6b.jpeg','6ed272b51d31ea62cecb0bfc21cca4af.jpeg','10e7701688a560c7b5b9eb2be1d3a8e2.jpeg','990c778f73a349442c19faf292e8ac90.jpeg',''),(503,597,'','','','','',''),(504,598,'','61764623640b928dfebe264353969e27.pdf','f94b7c472eb8ad0e96386a43f073db8e.pdf','','a97b2a413562666bd25c62ffe9319811.jpg',''),(505,599,'','fb9d7c336485c9adc0270bd5647f6360.pdf','5f6268f7048e28e68ab5e5ae3033908e.pdf','','604758c44b1d766b492685133da10c0c.jpg',''),(506,600,'','','','','ffddcce68c00e6090a221a6cb2e02ee5.jpeg',''),(507,601,'5615a982c414e5ad659b2f77184f2e78.pdf','780a308c741eac07e005e1fbe33a6fda.jpg','16344280be494885797af4e5630dc513.jpg','f3aa968a4189c6f6cc98e34ac3c19a85.pdf','c7b9149b6a58c32b0412f1b77ddc0f00.png',''),(508,602,'','','8ab4b25a223516010cee5c0f7531b2a6.jpg','1573127a925cbb27405ca73f8d381fb7.pdf','5e0ad354d490751d80b4408b071f8c5b.png',''),(509,603,'','','','','',''),(510,604,'d8ce3baff859238760304a024da2a0fe.pdf','d4f264dbbd1cf36189c15ff0f7f92b42.pdf','7d706428fcfb7646753eb3c16a3ebf3c.jpg','eb3d2e3d930cd8129e9aa0adff973f9e.pdf','3ab0b95576610af1c78343ef55c4ba69.jpg',''),(511,605,'','','','','',''),(512,606,'','','','','',''),(513,607,'','','','','',''),(514,608,'','','','','',''),(515,609,'','','','','',''),(516,610,'','','','','',''),(517,611,'','3b2dfca3d64db449424675a4ff7dd1ee.pdf','10c28726adce87f13b12d1143abadc7f.jpg','d2ab3188a9076cbf6e80bd737a5b4f9c.pdf','b528e633755a4f7ffc749fc651256d74.jpg',''),(518,612,'','','a75da5f6acf989e498f254fe641b895f.jpg','3fa4a16acf7b0e132aa325487f7676b9.pdf','094f8a9a04977b1ad8a761fc2956129e.png',''),(519,613,'','','03c7e01708503caf78c941bc15a5bce2.jpg','0d36ca094cee9064756e757272d083fe.pdf','30799f516d43d3bd4c830ec526a0d4d8.png',''),(520,614,'','','d345882c14b673b4c4e6e5ee279a0b83.jpg','e9dd5a37cc7024b67ed4ced5ae3aec4d.pdf','03e2ccf78f21df695ddf23a5af274ed5.png',''),(521,615,'eaf8521f470aaf6e4fe4eeafe2fe8084.jpg','','9a453fe2f9d9ff0b8896e834ed4b6a22.jpg','00bdbe7e737ece491f09350caaf3f4c1.jpg','2f10563844e47da36da8487c308f7cb2.jpg','497d056274c5116e957325c92760dc5f.jpg'),(522,616,'','','','','',''),(523,617,'85a2e9a340faa4f6ab57e80e8c6f4c77.pdf','436f42e6b9098a494feb349d466bda72.pdf','548374e4200fcd586c5c9bb7346875ba.pdf','8cbe428f8ba8687093e367e967c2dc05.jpg','128739434deda7af5b48175af59f77af.jpg','01838cdb3476883aa05169856ef50d2c.png'),(524,618,'','6cbb61a2dd961e190c0d6f3ad010b6c9.pdf','a1dcdf3971da5b879252b1af4207f7fe.pdf','','bb814a9169efcc95704689c7ad32eb24.jpg',''),(525,619,'','5633574f7be371fde2c8bf972f1678ac.pdf','8dadc019925228013bad5e8ceec08138.pdf','','6b6a7c5ed7bef618f7cde2fbd067022b.jpg',''),(526,620,'f327b7e09c0f381ca37d4369b7b655af.pdf','015a1e936195470783f4671b8bcb7037.jpeg','982f2d584d75c969d20319a7d3bc4c59.jpeg','b56e7fb8dbeeb6577ddb2d31e4f74603.pdf','faa0b86b38bca62ddd34d7c01d4c52e2.jpeg',''),(527,621,'47db8b49e7c4d6ffba1013aaa4f2e021.jpg','5a1a516ca06e0665933dc004e43826dd.pdf','794e68458898ced1f9ebb50504b72653.jpg','52e5c7935f51d0ae461a58a0694cef1a.pdf','5912a9e7fe2c7fa1568763d524d1ee90.pdf','fb743b4f3be5678ea3de0d2b20b7cf77.jpg'),(528,622,'5480cc819a31fdf1afdab7be63975ff4.pdf','3830eb1d81970f57be9d06199e484761.pdf','7f00505cc81d1d20c985ad2b2a003bf8.pdf','cda431412ada1ef1bb0dbc229dfb235f.pdf','036ba34d0e245da912d2ff0c483b52a9.pdf',''),(529,623,'1a382b4011b0c5b2a03d5c5fab4cf067.pdf','92dbd1ae7d66ab79313d9762d9e9fd08.pdf','a746b0631be47bb30b2df538614ac99e.pdf','92dd559f40dc589678ba1015ef9c2511.pdf','030b64727f9455d595d69ebe19e352e7.pdf',''),(530,624,'571430aecbad0540beb8620b1a85b593.pdf','475c98f86d77f987bcf15bdbea76d8f8.pdf','81ea9ddbe3dd4f300b6cc4ec3f8d3c06.pdf','6a9110cc9330f8d8c51526ba3decd0be.pdf','c221a6c967cecef6c1a91c5e26aeb289.pdf',''),(531,625,'277ee0da7f77f66a22e4b56c20c28fb4.pdf','14b9fcc2cb1ace7d3e49db85690ab778.pdf','6d039ba282333f21f8c3f744b0c4e048.pdf','f98f5bdc97730273b8b5fa4632e847fb.pdf','c4181aa91523e2a146cd456ca632c3b5.pdf',''),(532,626,'bdf7915bfbf079977f6d9dc57f856624.pdf','d7cba648ff6fb132d26c682eb3a7c864.pdf','a90d1aca411a8ab9a3e5e6febb781b17.pdf','946ed7a49952fea0a96eed4f84b1efbd.pdf','0038cead554bb59b9c8f4a1632ec3c9f.pdf',''),(533,627,'c77f66037d2eef79c0c0a80f2e9827bf.jpg','5e0209820b093f057504b8c0067b0a27.jpeg','27b9e25e56aa185b9a5aae098e8491d1.jpeg','9b70aa4a7ebf50d096b1d4957a3a8f4d.jpg','6935b84fc5a16c1e2f9fcc854be6a707.jpg','6b3ebb01dd7db8262c1bd4d98028bd7b.jpg'),(534,628,'917bdc0059ee0ba87de61310c64e7965.jpg','66c23aa06fda25f437c4b85e9fc5124c.jpeg','228a2a58533d984a7d76de06188307c8.jpg','95fe1b23c3ac9ba6011c150cb27313e6.jpg','b8d11858cc18765aa78654e36dd8ef32.jpg',''),(535,629,'57cf4c8cea791de512737abf6b42ef23.pdf','cd9c5813f2f655b19533219b7607b5e5.pdf','a477cffec6d4d3893845e0dde4ff9b41.jpg','ab9f9adb44023e1bdebef97e161216a1.pdf','9f0edaeb3e186b4b254717d106007e4c.jpg',''),(536,630,'e340d5b7fadf79af46a000df2249d28c.jpg','45f99ad99aeab00a6efb44245fd2a03c.jpg','8a8c584f74ae559f1d8896fc69975133.jpg','','4961941cf75c7676ac07f981516ca563.jpg',''),(537,631,'5c9020620adadec3e3dea7894c6c4d35.jpg','33293eb570b092ca45166c5d0333f15a.jpg','ee3449515ce6feb99c6ef218104ed92f.jpg','','6c9bd9a8e322ec0c72fb28a888990420.jpg',''),(538,632,'','','f59312363836d4e78b1be6d4d5533523.jpg','','0626dbc07aa1311d9ab582aa41640aaa.jpg',''),(539,633,'','','','','','');
/*!40000 ALTER TABLE `dokumen_pendaftaran` ENABLE KEYS */;
UNLOCK TABLES;

--
-- Table structure for table `form`
--

DROP TABLE IF EXISTS `form`;
/*!40101 SET @saved_cs_client     = @@character_set_client */;
/*!50503 SET character_set_client = utf8mb4 */;
CREATE TABLE `form` (
  `id` int NOT NULL AUTO_INCREMENT,
  `id_user` int NOT NULL,
  `program` int NOT NULL,
  `form` varchar(50) NOT NULL,
  `personil` varchar(100) NOT NULL,
  `pembina` varchar(100) NOT NULL,
  `jenis_alat` varchar(100) NOT NULL,
  `kelas_pembina` varchar(100) NOT NULL,
  `tanggal_pembuatan` datetime NOT NULL,
  `tanggal_pelaksanaan` date NOT NULL,
  `tanggal_selesai` date NOT NULL,
  `link_grup` varchar(200) NOT NULL,
  `kelas` int NOT NULL,
  `token` varchar(50) NOT NULL,
  `status` varchar(50) NOT NULL,
  `link` varchar(100) NOT NULL,
  PRIMARY KEY (`id`)
) ENGINE=InnoDB AUTO_INCREMENT=46 DEFAULT CHARSET=utf8mb4 COLLATE=utf8mb4_0900_ai_ci;
/*!40101 SET character_set_client = @saved_cs_client */;

--
-- Dumping data for table `form`
--

LOCK TABLES `form` WRITE;
/*!40000 ALTER TABLE `form` DISABLE KEYS */;
INSERT INTO `form` VALUES (32,2,2,'AHLI K3 UMUM','','','','','2023-10-16 08:10:53','2023-10-16','2023-10-19','https://chat.openai.com/c/6bdaf876-9b1d-4cba-85db-426486d75ab4',1,'a9cb71','Aktif','https://online.deltaindo.co.id/pendaftaran/cekForm/2/a9cb71'),(33,6,2,'K3 LISTRIK','','','','','2023-11-03 15:03:47','2023-11-13','2023-11-18','https://chat.whatsapp.com/Iexr71BTihK4SlkzmPIcLG',4,'18eb26','Aktif','https://online.deltaindo.co.id/pendaftaran/cekForm/6/18eb26'),(34,7,2,'K3 PEKERJAAN PADA KETINGGIAN','','','','','2023-11-06 11:44:25','2023-11-13','2023-11-16','https://chat.whatsapp.com/J7KXhJKu91dLgM6xYz7AMF',19,'074673','Aktif','https://online.deltaindo.co.id/pendaftaran/cekForm/7/074673'),(35,8,2,'K3 KIMIA','','','','','2023-11-06 15:12:13','2023-11-13','2023-11-21','https://chat.whatsapp.com/BNV12t8KyLvHQGM2J5z4vy',14,'5951d0','Aktif','https://online.deltaindo.co.id/pendaftaran/cekForm/8/5951d0'),(36,7,2,'K3 LISTRIK','','','','','2023-11-06 16:04:37','2023-11-20','2023-12-08','https://chat.whatsapp.com/L6ygzDMO7kTCZ0uJdsiCUq',1,'d76afe','Aktif','https://online.deltaindo.co.id/pendaftaran/cekForm/7/d76afe'),(37,8,2,'K3 KEBAKARAN','','','','','2023-11-09 11:58:18','2023-11-20','2023-11-28','https://chat.whatsapp.com/FB16KZffuaVIAodTYT8d3X',7,'57cd70','Aktif','https://online.deltaindo.co.id/pendaftaran/cekForm/8/57cd70'),(38,11,2,'K3 LISTRIK','','','','','2023-11-11 14:12:08','2023-11-20','2023-12-08','https://chat.whatsapp.com/L6ygzDMO7kTCZ0uJdsiCUq',1,'357e77','Aktif','https://online.deltaindo.co.id/pendaftaran/cekForm/11/357e77'),(39,6,2,'AHLI K3 UMUM','OPERATOR','PESAWAT ANGKAT DAN ANGKUT','','','2023-11-11 14:12:26','2023-11-20','2023-12-02','https://chat.whatsapp.com/EPRHg2ZoiyAK1jfgxFxTm0',1,'750a85','Aktif','https://online.deltaindo.co.id/pendaftaran/cekForm/6/750a85'),(40,10,1,'K3 PAA','TEKNISI','PESAWAT ANGKAT DAN ANGKUT','','','2023-11-11 14:13:12','2023-11-22','2023-11-25','https://chat.whatsapp.com/BvBrWLvoXGmImrOH182CS8',9,'509ebc','Aktif','https://online.deltaindo.co.id/pendaftaran/cekForm/10/509ebc'),(41,6,1,'K3 ELEVATOR ESKALATOR','','','','','2023-11-14 09:39:49','2023-11-20','2023-11-25','https://chat.whatsapp.com/HgncYOfoZ0oJu6Ogx3wLLW',4,'80e2dd','Aktif','https://online.deltaindo.co.id/pendaftaran/cekForm/6/80e2dd'),(42,7,2,'K3 KONSTRUKSI','','','','','2023-11-14 15:22:48','2023-11-20','2023-11-24','https://chat.whatsapp.com/GI0PnE5q4ZDFGOTtYbNlXS',2,'f2a017','Aktif','https://online.deltaindo.co.id/pendaftaran/cekForm/7/f2a017'),(43,7,2,'K3 KONSTRUKSI','','','','','2023-11-14 15:38:16','2023-11-20','2023-11-23','https://chat.whatsapp.com/GI0PnE5q4ZDFGOTtYbNlXS',3,'322af6','Aktif','https://online.deltaindo.co.id/pendaftaran/cekForm/7/322af6'),(44,9,1,'K3 LISTRIK','','','','','2023-11-16 08:13:33','0000-00-00','2023-12-13','https://chat.whatsapp.com/LNWPrzngmKWFcxQu9ZOCj2',1,'fce645','Aktif','https://online.deltaindo.co.id/pendaftaran/cekForm/9/fce645');
/*!40000 ALTER TABLE `form` ENABLE KEYS */;
UNLOCK TABLES;

--
-- Table structure for table `jenis_alat`
--

DROP TABLE IF EXISTS `jenis_alat`;
/*!40101 SET @saved_cs_client     = @@character_set_client */;
/*!50503 SET character_set_client = utf8mb4 */;
CREATE TABLE `jenis_alat` (
  `id` int NOT NULL AUTO_INCREMENT,
  `jenis_alat` varchar(100) DEFAULT NULL,
  PRIMARY KEY (`id`)
) ENGINE=InnoDB AUTO_INCREMENT=126 DEFAULT CHARSET=utf8mb4 COLLATE=utf8mb4_0900_ai_ci;
/*!40101 SET character_set_client = @saved_cs_client */;

--
-- Dumping data for table `jenis_alat`
--

LOCK TABLES `jenis_alat` WRITE;
/*!40000 ALTER TABLE `jenis_alat` DISABLE KEYS */;
INSERT INTO `jenis_alat` VALUES (1,'BARGE CRANE'),(2,'BORE PILE'),(3,'CARGO CRANE'),(4,'CRAWLER CRANE'),(5,'DERRICK CRANE'),(6,'DERRICK SHIP CRANE'),(7,'DREDGING CRANE'),(8,'FLOATING CRANE'),(9,'FLOATING DERRICK CRANE'),(10,'FLOATING SHIP CRANE'),(11,'HYDRAULIC DRILLING RIG'),(12,'HYDRAULIC STATIC PILE DRIVER'),(13,'LOCOMOTIVE CRANE'),(14,'MOBILE CRANE'),(15,'PEDESTAL CRANE'),(16,'PONTON CRANE'),(17,'PORTAL CRANE'),(18,'RAILWAY CRANE'),(19,'SHIP CRANE'),(20,'SIDE BOOM CRANE/CRAB CRANE'),(21,'SPIDER CRANE'),(22,'STACKER CRANE'),(23,'TRACTOR CRANE'),(24,'TRUCK CRANE'),(25,'TOWER CRANE'),(26,'CARGO HOIST CRANE'),(27,'CHAIN BLOCK'),(28,'CONTAINER CRANE'),(29,'GANTRY CRANE'),(30,'GANTRY LUFFING CRANE'),(31,'HOIST CRANE'),(32,'JIB CRANE'),(33,'LAUNCHER GANTRY CRANE'),(34,'MONORAIL CRANE'),(35,'OVERHEAD CRANE'),(36,'OVERHEAD TRAVELLING CRANE'),(37,'RAIL MOUNTED GANTRY CRANE'),(38,'ROLLER GANTRY CRANE'),(39,'RUBBER TIRE GANTRY CRANE'),(40,'SEMI GANTRY CRANE'),(41,'SHIP UNLOADER CRANE'),(42,'WALL CRANE'),(43,'GONDOLA'),(44,'PASSENGER HOIST'),(45,'BAN BERJALAN'),(46,'CONCRETE PUMP'),(47,'CONVEYOR PNEUMATIC'),(48,'HARVESTER'),(49,'RANTAI BERJALAN'),(50,'SABUK BERJALAN'),(51,'CONTAINER HANDLER'),(52,'FORKLIFT'),(53,'LIFTTRUCK'),(54,'PALLET MOVER/HAND PALLET'),(55,'REACH STACKER'),(56,'REACH/RACK STACKER'),(57,'TELEHANDLER'),(58,'ASPHALT FINISHER'),(59,'ASPHALT PAVER'),(60,'ASPHALT SPRAYER'),(61,'BACKHOE'),(62,'BULLDOZER'),(63,'COLD MILLING MACHINE'),(64,'COMPACTOR ROLLER'),(65,'CONCRETE PAVER'),(66,'CRANK LOGGER'),(67,'EXCAVATOR'),(68,'EXCAVATOR GRAPPLE'),(69,'GRADER'),(70,'HORIZONTAL DIRECTIONAL DRILLING'),(71,'LOADER'),(72,'MACHINERY CAR'),(73,'PNEUMATIC TIRE ROLLER'),(74,'STACKER RECLAIMER'),(75,'SURFACE MINER'),(76,'TRACTOR'),(77,'VIBRATOR ROLLER'),(78,'KERETA AYUN'),(79,'KERETA GANTUNG'),(80,'KERETA LONTAR'),(81,'KERETA LUNCUR'),(82,'KERETA PUTAR VERTICAL/HORIZONTAL'),(83,'KERETA TROLI'),(84,'LOKOMOTIF'),(85,'DONGKRAK HIDROLIK'),(86,'DONGKRAK PNEUMATIK'),(87,'DONGKRAK POST LIFT'),(88,'DONGKRAK TRUCK/ CAR LIFT'),(89,'LIER'),(90,'AUTOMATED GUIDED VEHICLE'),(91,'BOOM LIFT'),(92,'HYDRAULIC STAIRS'),(93,'MANLIFT'),(94,'SCISSOR LIFT'),(95,'AXLE TRANSPORTER'),(96,'CABLE WINDER AND PULLER'),(97,'CAR HANDLING'),(98,'CAR TOWING'),(99,'CARGO TRUCK LIFT'),(100,'DUMP TRUCK'),(101,'HAZARDOUS CONTAINER TRUCK'),(102,'HEAD TRUCK'),(103,'MODULE TRANSPORTER'),(104,'SIDE LOADER TRUCK'),(105,'TRAILER'),(106,'TRANSFER CAR'),(107,'TRUK'),(108,'TRUK MIXER'),(109,'WINCH'),(110,'ROTATOR/ROBOTIK'),(111,'TAKEL'),(112,'RIGGER');
/*!40000 ALTER TABLE `jenis_alat` ENABLE KEYS */;
UNLOCK TABLES;

--
-- Table structure for table `jenis_personil`
--

DROP TABLE IF EXISTS `jenis_personil`;
/*!40101 SET @saved_cs_client     = @@character_set_client */;
/*!50503 SET character_set_client = utf8mb4 */;
CREATE TABLE `jenis_personil` (
  `id` int NOT NULL AUTO_INCREMENT,
  `jenis_personil` varchar(100) DEFAULT NULL,
  PRIMARY KEY (`id`)
) ENGINE=InnoDB AUTO_INCREMENT=28 DEFAULT CHARSET=utf8mb4 COLLATE=utf8mb4_0900_ai_ci;
/*!40101 SET character_set_client = @saved_cs_client */;

--
-- Dumping data for table `jenis_personil`
--

LOCK TABLES `jenis_personil` WRITE;
/*!40000 ALTER TABLE `jenis_personil` DISABLE KEYS */;
INSERT INTO `jenis_personil` VALUES (1,'OPERATOR'),(2,'JURU'),(3,'TEKNISI'),(4,'AHLI K3'),(5,'SUPERVISI'),(6,'TRAINER'),(7,'AHLI K3 UMUM'),(8,'PETUGAS'),(9,'REGU'),(10,'KOORDINATOR'),(11,'PEKERJA'),(12,'SUPERVISI'),(13,'DOKTER'),(14,'AUDITOR SMK3');
/*!40000 ALTER TABLE `jenis_personil` ENABLE KEYS */;
UNLOCK TABLES;

--
-- Table structure for table `kelas`
--

DROP TABLE IF EXISTS `kelas`;
/*!40101 SET @saved_cs_client     = @@character_set_client */;
/*!50503 SET character_set_client = utf8mb4 */;
CREATE TABLE `kelas` (
  `id` int NOT NULL,
  `kelas` varchar(38) DEFAULT NULL,
  PRIMARY KEY (`id`)
) ENGINE=InnoDB DEFAULT CHARSET=utf8mb4 COLLATE=utf8mb4_0900_ai_ci;
/*!40101 SET character_set_client = @saved_cs_client */;

--
-- Dumping data for table `kelas`
--

LOCK TABLES `kelas` WRITE;
/*!40000 ALTER TABLE `kelas` DISABLE KEYS */;
INSERT INTO `kelas` VALUES (1,'AHLI'),(2,'SUPERVISI SCAFFOLDING'),(3,'TEKNISI SCAFFOLDING'),(4,'TEKNISI'),(5,'KELAS A'),(6,'KELAS B'),(7,'KELAS C'),(8,'KELAS D'),(9,'OPERATOR'),(10,'TEKNISI PESAWAT UAP'),(11,'TEKNISI BEJANA TEKAN DAN TANGKI TIMBUN'),(12,'KELAS II'),(13,'KELAS III'),(14,'PETUGAS'),(15,'UTAMA'),(16,'MADYA'),(17,'REGU PENYELAMAT'),(18,'TKBT 2'),(19,'TKPK 1'),(20,'TKPK 2');
/*!40000 ALTER TABLE `kelas` ENABLE KEYS */;
UNLOCK TABLES;

--
-- Table structure for table `kelas_pembina`
--

DROP TABLE IF EXISTS `kelas_pembina`;
/*!40101 SET @saved_cs_client     = @@character_set_client */;
/*!50503 SET character_set_client = utf8mb4 */;
CREATE TABLE `kelas_pembina` (
  `id` int NOT NULL AUTO_INCREMENT,
  `kelas` varchar(20) DEFAULT NULL,
  PRIMARY KEY (`id`)
) ENGINE=InnoDB AUTO_INCREMENT=19 DEFAULT CHARSET=utf8mb4 COLLATE=utf8mb4_0900_ai_ci;
/*!40101 SET character_set_client = @saved_cs_client */;

--
-- Dumping data for table `kelas_pembina`
--

LOCK TABLES `kelas_pembina` WRITE;
/*!40000 ALTER TABLE `kelas_pembina` DISABLE KEYS */;
INSERT INTO `kelas_pembina` VALUES (1,'Kelas 1'),(2,'Kelas 2'),(3,'Kelas 3'),(4,'Non Kelas');
/*!40000 ALTER TABLE `kelas_pembina` ENABLE KEYS */;
UNLOCK TABLES;

--
-- Table structure for table `kelas_training`
--

DROP TABLE IF EXISTS `kelas_training`;
/*!40101 SET @saved_cs_client     = @@character_set_client */;
/*!50503 SET character_set_client = utf8mb4 */;
CREATE TABLE `kelas_training` (
  `id` int NOT NULL,
  `training_id` int NOT NULL,
  `kelas_id` int NOT NULL,
  `tanggal_awal` date NOT NULL,
  `tanggal_akhir` date NOT NULL,
  `jenis` varchar(100) DEFAULT NULL,
  `created_at` timestamp NOT NULL DEFAULT CURRENT_TIMESTAMP,
  `updated_at` timestamp NOT NULL DEFAULT CURRENT_TIMESTAMP,
  PRIMARY KEY (`id`)
) ENGINE=InnoDB DEFAULT CHARSET=utf8mb4 COLLATE=utf8mb4_0900_ai_ci;
/*!40101 SET character_set_client = @saved_cs_client */;

--
-- Dumping data for table `kelas_training`
--

LOCK TABLES `kelas_training` WRITE;
/*!40000 ALTER TABLE `kelas_training` DISABLE KEYS */;
INSERT INTO `kelas_training` VALUES (1,1,1,'2024-07-07','2024-07-07','Blended Training','2024-07-07 14:16:11','2024-07-07 14:16:11'),(2,2,1,'2024-07-07','2024-07-07','Blended Training','2024-07-07 14:16:11','2024-07-07 14:16:11'),(3,3,1,'2024-07-07','2024-07-07','Blended Training','2024-07-07 14:16:11','2024-07-07 14:16:11'),(4,3,2,'2024-07-07','2024-07-07','Blended Training','2024-07-07 14:16:11','2024-07-07 14:16:11'),(5,3,3,'2024-07-07','2024-07-07','Blended Training','2024-07-07 14:16:11','2024-07-07 14:16:11'),(6,4,1,'2024-07-07','2024-07-07','Blended Training','2024-07-07 14:16:11','2024-07-07 14:16:11'),(7,4,4,'2024-07-07','2024-07-07','Blended Training','2024-07-07 14:16:11','2024-07-07 14:16:11'),(8,6,5,'2024-07-07','2024-07-07','Blended Training','2024-07-07 14:16:11','2024-07-07 14:16:11'),(9,6,6,'2024-07-07','2024-07-07','Blended Training','2024-07-07 14:16:11','2024-07-07 14:16:11'),(10,6,7,'2024-07-07','2024-07-07','Blended Training','2024-07-07 14:16:11','2024-07-07 14:16:11'),(11,6,8,'2024-07-07','2024-07-07','Blended Training','2024-07-07 14:16:11','2024-07-07 14:16:11'),(12,5,1,'2024-07-07','2024-07-07','Blended Training','2024-07-07 14:16:11','2024-07-07 14:16:11'),(13,5,4,'2024-07-07','2024-07-07','Blended Training','2024-07-07 14:16:11','2024-07-07 14:16:11'),(14,5,9,'2024-07-07','2024-07-07','Blended Training','2024-07-07 14:16:11','2024-07-07 14:16:11'),(15,7,1,'2024-07-07','2024-07-07','Blended Training','2024-07-07 14:16:11','2024-07-07 14:16:11'),(16,7,4,'2024-07-07','2024-07-07','Blended Training','2024-07-07 14:16:11','2024-07-07 14:16:11'),(17,7,9,'2024-07-07','2024-07-07','Blended Training','2024-07-07 14:16:11','2024-07-07 14:16:11'),(18,8,1,'2024-07-07','2024-07-07','Blended Training','2024-07-07 14:16:11','2024-07-07 14:16:11'),(19,8,4,'2024-07-07','2024-07-07','Blended Training','2024-07-07 14:16:11','2024-07-07 14:16:11'),(20,8,9,'2024-07-07','2024-07-07','Blended Training','2024-07-07 14:16:11','2024-07-07 14:16:11'),(21,9,1,'2024-07-07','2024-07-07','Blended Training','2024-07-07 14:16:11','2024-07-07 14:16:11'),(22,9,10,'2024-07-07','2024-07-07','Blended Training','2024-07-07 14:16:11','2024-07-07 14:16:11'),(23,9,11,'2024-07-07','2024-07-07','Blended Training','2024-07-07 14:16:11','2024-07-07 14:16:11'),(24,10,12,'2024-07-07','2024-07-07','Blended Training','2024-07-07 14:16:11','2024-07-07 14:16:11'),(25,10,13,'2024-07-07','2024-07-07','Blended Training','2024-07-07 14:16:11','2024-07-07 14:16:11'),(26,11,1,'2024-07-07','2024-07-07','Blended Training','2024-07-07 14:16:11','2024-07-07 14:16:11'),(27,11,14,'2024-07-07','2024-07-07','Blended Training','2024-07-07 14:16:11','2024-07-07 14:16:11'),(28,12,15,'2024-07-07','2024-07-07','Blended Training','2024-07-07 14:16:11','2024-07-07 14:16:11'),(29,12,16,'2024-07-07','2024-07-07','Blended Training','2024-07-07 14:16:11','2024-07-07 14:16:11'),(30,12,17,'2024-07-07','2024-07-07','Blended Training','2024-07-07 14:16:11','2024-07-07 14:16:11'),(31,13,18,'2024-07-07','2024-07-07','Blended Training','2024-07-07 14:16:11','2024-07-07 14:16:11'),(32,13,19,'2024-07-07','2024-07-07','Blended Training','2024-07-07 14:16:11','2024-07-07 14:16:11'),(33,13,20,'2024-07-07','2024-07-07','Blended Training','2024-07-07 14:16:11','2024-07-07 14:16:11'),(34,14,14,'2024-07-07','2024-07-07','Online Training','2024-07-07 14:16:11','2024-07-07 14:16:11');
/*!40000 ALTER TABLE `kelas_training` ENABLE KEYS */;
UNLOCK TABLES;

--
-- Table structure for table `kelompok_pembinaan`
--

DROP TABLE IF EXISTS `kelompok_pembinaan`;
/*!40101 SET @saved_cs_client     = @@character_set_client */;
/*!50503 SET character_set_client = utf8mb4 */;
CREATE TABLE `kelompok_pembinaan` (
  `id` int NOT NULL AUTO_INCREMENT,
  `kelompok_pembinaan` varchar(255) DEFAULT NULL,
  `created_at` timestamp NOT NULL DEFAULT CURRENT_TIMESTAMP,
  `updated_at` timestamp NOT NULL DEFAULT CURRENT_TIMESTAMP,
  PRIMARY KEY (`id`)
) ENGINE=InnoDB AUTO_INCREMENT=86 DEFAULT CHARSET=utf8mb4 COLLATE=utf8mb4_0900_ai_ci;
/*!40101 SET character_set_client = @saved_cs_client */;

--
-- Dumping data for table `kelompok_pembinaan`
--

LOCK TABLES `kelompok_pembinaan` WRITE;
/*!40000 ALTER TABLE `kelompok_pembinaan` DISABLE KEYS */;
INSERT INTO `kelompok_pembinaan` VALUES (1,'MOBILE CRANE','2024-06-13 01:28:54','2024-06-13 01:28:54'),(2,'PESAWAT ANGKAT DAN ANGKUT','2024-06-13 01:28:54','2024-06-13 01:28:54'),(3,'TOWER CRANE','2024-06-13 01:28:54','2024-06-13 01:28:54'),(4,'OVERHEAD CRANE','2024-06-13 01:28:54','2024-06-13 01:28:54'),(5,'PERSONAL PLATFORM','2024-06-13 01:28:54','2024-06-13 01:28:54'),(6,'KONVEYOR','2024-06-13 01:28:54','2024-06-13 01:28:54'),(7,'FORKLIFT','2024-06-13 01:28:54','2024-06-13 01:28:54'),(8,'ALAT BERAT','2024-06-13 01:28:54','2024-06-13 01:28:54'),(9,'KERETA','2024-06-13 01:28:54','2024-06-13 01:28:54'),(10,'DONGKRAK','2024-06-13 01:28:54','2024-06-13 01:28:54'),(11,'ROBOTIK','2024-06-13 01:28:54','2024-06-13 01:28:54'),(12,'PERSONAL BASKET','2024-06-13 01:28:54','2024-06-13 01:28:54'),(13,'TRUK','2024-06-13 01:28:54','2024-06-13 01:28:54'),(14,'ALAT ANGKAT PENGATUR POSISI BENDA KERJA','2024-06-13 01:28:54','2024-06-13 01:28:54'),(15,'RIGGER (JURU IKAT)','2024-06-13 01:28:54','2024-06-13 01:28:54'),(16,'AHLI K3','2024-06-13 01:28:54','2024-06-13 01:28:54'),(17,'TRAINER BIDANG K3 UMUM (ALPK3I)','2024-06-13 01:28:54','2024-06-13 01:28:54'),(18,'OPERATOR K3 ELEVATOR DAN ESKALATOR','2024-06-13 01:28:54','2024-06-13 01:28:54'),(19,'TEKNISI K3 ELEVATOR DAN ESKALATOR','2024-06-13 01:28:54','2024-06-13 01:28:54'),(20,'AHLI K3 BIDANG ELEVATOR DAN ESKALATOR','2024-06-13 01:28:54','2024-06-13 01:28:54'),(21,'TRAINER BIDANG ELEVATOR DAN ESKALATOR (ALPK3I)','2024-06-13 01:28:54','2024-06-13 01:28:54'),(22,'TEKNISI K3 LISTRIK','2024-06-13 01:28:54','2024-06-13 01:28:54'),(23,'AHLI K3 BIDANG LISTRIK','2024-06-13 01:28:54','2024-06-13 01:28:54'),(24,'TRAINER BIDANG LISTRIK (ALPK3I)','2024-06-13 01:28:54','2024-06-13 01:28:54'),(25,'PETUGAS PERAN KEBAKARAN (KELAS D)','2024-06-13 01:28:54','2024-06-13 01:28:54'),(26,'REGU PENANGGULANGAN KEBAKARAN (KELAS C)','2024-06-13 01:28:54','2024-06-13 01:28:54'),(27,'KOORDINATOR PENANGGULANGAN KEBAKARAN (KELAS B)','2024-06-13 01:28:54','2024-06-13 01:28:54'),(28,'AHLI K3 SPESIALIS PENANGGULANGAN KEBAKARAN (KELAS A)','2024-06-13 01:28:54','2024-06-13 01:28:54'),(29,'TRAINER BIDANG PENANGGULANGAN KEBAKARAN (ALPK3I)','2024-06-13 01:28:54','2024-06-13 01:28:54'),(30,'TENAGA KERJA BANGUNAN TINGGI TINGKAT 1','2024-06-13 01:28:54','2024-06-13 01:28:54'),(31,'TENAGA KERJA BANGUNAN TINGGI TINGKAT 2','2024-06-13 01:28:54','2024-06-13 01:28:54'),(32,'TENAGA KERJA PADA KETINGGIAN TINGKAT 1','2024-06-13 01:28:54','2024-06-13 01:28:54'),(33,'TENAGA KERJA PADA KETINGGIAN TINGKAT 2','2024-06-13 01:28:54','2024-06-13 01:28:54'),(34,'TENAGA KERJA PADA KETINGGIAN TINGKAT 3','2024-06-13 01:28:54','2024-06-13 01:28:54'),(35,'TRAINER BIDANG BEKERJA PADA KETINGGIAN (ALPK3I)','2024-06-13 01:28:54','2024-06-13 01:28:54'),(36,'PENGGERAK MULA','2024-06-13 01:28:54','2024-06-13 01:28:54'),(37,'MESIN PRODUKSI DAN PERKAKAS','2024-06-13 01:28:54','2024-06-13 01:28:54'),(38,'TANUR','2024-06-13 01:28:54','2024-06-13 01:28:54'),(39,'PESAWAT TENAGA DAN PRODUKSI','2024-06-13 01:28:54','2024-06-13 01:28:54'),(40,'TEKNISI KE PERANCAH','2024-06-13 01:28:54','2024-06-13 01:28:54'),(41,'SUPERVISI K3 PERANCAH','2024-06-13 01:28:54','2024-06-13 01:28:54'),(42,'AHLI K3 BIDANG KONSTRUKSI DAN BANGUNAN MUDA','2024-06-13 01:28:54','2024-06-13 01:28:54'),(43,'AHLI K3 BIDANG KONSTRUKSI DAN BANGUNAN MADYA','2024-06-13 01:28:54','2024-06-13 01:28:54'),(44,'AHLI K3 BIDANG KONSTRUKSI DAN BANGUNAN UTAMA','2024-06-13 01:28:54','2024-06-13 01:28:54'),(45,'TRAINER BIDANG KONSTRUKSI DAN BANGUNAN (ALPK3I)','2024-06-13 01:28:54','2024-06-13 01:28:54'),(46,'OPERATOR PESAWAT UAP KELAS 1','2024-06-13 01:28:54','2024-06-13 01:28:54'),(47,'OPERATOR PESAWAT UAP KELAS 2','2024-06-13 01:28:54','2024-06-13 01:28:54'),(48,'TEKNISI PESAWAT UAP','2024-06-13 01:28:54','2024-06-13 01:28:54'),(49,'TEKNISI BEJANA TEKANAN DAN TANGKI TIMBUN','2024-06-13 01:28:54','2024-06-13 01:28:54'),(50,'AHLI K3 BIDANG PESAWAT UAP DAN BEJANA TEKANAN','2024-06-13 01:28:54','2024-06-13 01:28:54'),(51,'TRAINER BIDANG PESAWAT UAP DAN BEJANA TEKNANAN (ALPK3I)','2024-06-13 01:28:54','2024-06-13 01:28:54'),(52,'PETUGAS PENYELAMAT RUANG TERBATAS (RESCUER RUANG TERBATAS)','2024-06-13 01:28:54','2024-06-13 01:28:54'),(53,'PETUGAS KIMIA','2024-06-13 01:28:54','2024-06-13 01:28:54'),(54,'PETUGAS K3 ASBES','2024-06-13 01:28:54','2024-06-13 01:28:54'),(55,'PETUGAS K3 PESTISIDA','2024-06-13 01:28:54','2024-06-13 01:28:54'),(56,'TEKNISI K3 DETEKSI GAS','2024-06-13 01:28:54','2024-06-13 01:28:54'),(57,'TEKNISI RUANG TERBATAS','2024-06-13 01:28:54','2024-06-13 01:28:54'),(58,'AHLI K3 BIDANG LINGKUNGAN KERJA MUDA','2024-06-13 01:28:54','2024-06-13 01:28:54'),(59,'AHLI K3 BIDANG LINGKUNGAN KERJA MADYA','2024-06-13 01:28:54','2024-06-13 01:28:54'),(60,'AHLI K3 BIDANG LINGKUNGAN KERJA UTAMA','2024-06-13 01:28:54','2024-06-13 01:28:54'),(61,'AHLI K3 BIDANG KIMIA','2024-06-13 01:28:54','2024-06-13 01:28:54'),(62,'TRAINER BIDANG LINGKUNGAN KERJA DAN BAHAN BERBAHAYA (ALPK3I)','2024-06-13 01:28:54','2024-06-13 01:28:54'),(63,'DOKTER PERUSAHAAN (HIPERKES)','2024-06-13 01:28:54','2024-06-13 01:28:54'),(64,'DOKTER PEMERIKSA KESEHATAN TENAGA KERJA','2024-06-13 01:28:54','2024-06-13 01:28:54'),(65,'PETUGAS P3K DI TEMPAT KERJA','2024-06-13 01:28:54','2024-06-13 01:28:54'),(66,'TRAINER BIDANG KESEHATAN KERJA (ALPK3I)','2024-06-13 01:28:54','2024-06-13 01:28:54'),(67,'JURU LAS KARBIT','2024-06-13 01:28:54','2024-06-13 01:28:54'),(68,'JURU LAS LISTRIK/GAS KELAS 1','2024-06-13 01:28:54','2024-06-13 01:28:54'),(69,'JURU LAS LISTRIK/GAS KELAS 2','2024-06-13 01:28:54','2024-06-13 01:28:54'),(70,'JURU LAS LISTRIK/GAS KELAS 3','2024-06-13 01:28:54','2024-06-13 01:28:54'),(71,'JURU LAS TERNIC','2024-06-13 01:28:54','2024-06-13 01:28:54'),(72,'OPERATOR MESIN LAS','2024-06-13 01:28:54','2024-06-13 01:28:54'),(73,'TRAINER BIDANG PENGELASAN (ALPK3I)','2024-06-13 01:28:54','2024-06-13 01:28:54'),(74,'AUDITOR SMK4','2024-06-13 01:28:54','2024-06-13 01:28:54'),(75,'TRAINER BIDANG AUDIT SMK2 (ALPK3I)','2024-06-13 01:28:54','2024-06-13 01:28:54');
/*!40000 ALTER TABLE `kelompok_pembinaan` ENABLE KEYS */;
UNLOCK TABLES;

--
-- Table structure for table `pendaftaran`
--

DROP TABLE IF EXISTS `pendaftaran`;
/*!40101 SET @saved_cs_client     = @@character_set_client */;
/*!50503 SET character_set_client = utf8mb4 */;
CREATE TABLE `pendaftaran` (
  `id` int NOT NULL AUTO_INCREMENT,
  `id_form` int NOT NULL,
  `id_program` int NOT NULL,
  `time` timestamp NOT NULL DEFAULT CURRENT_TIMESTAMP,
  `nama` varchar(255) DEFAULT NULL,
  `nik` varchar(20) DEFAULT NULL,
  `provinsi` varchar(25) NOT NULL,
  `kabupaten` varchar(25) NOT NULL,
  `kecamatan` varchar(25) NOT NULL,
  `kelurahan` varchar(25) NOT NULL,
  `ttl` varchar(255) DEFAULT NULL,
  `tgl_lahir` date DEFAULT NULL,
  `golongan_darah` varchar(11) NOT NULL,
  `pendidikan` varchar(50) DEFAULT NULL,
  `sekolah` varchar(255) DEFAULT NULL,
  `no_ijazah` varchar(20) DEFAULT NULL,
  `tgl_ijazah` date DEFAULT NULL,
  `alamat` text,
  `email` varchar(100) DEFAULT NULL,
  `no_wa` varchar(20) DEFAULT NULL,
  `instansi` varchar(255) DEFAULT NULL,
  `sektor` varchar(100) DEFAULT NULL,
  `jabatan` varchar(50) NOT NULL,
  `alamat_perusahaan` text,
  `tlp_kantor` varchar(20) DEFAULT NULL,
  PRIMARY KEY (`id`)
) ENGINE=InnoDB AUTO_INCREMENT=634 DEFAULT CHARSET=utf8mb4 COLLATE=utf8mb4_0900_ai_ci;
/*!40101 SET character_set_client = @saved_cs_client */;

--
-- Dumping data for table `pendaftaran`
--

LOCK TABLES `pendaftaran` WRITE;
/*!40000 ALTER TABLE `pendaftaran` DISABLE KEYS */;
INSERT INTO `pendaftaran` VALUES (150,32,2,'2024-07-07 14:35:33','Rina irawan','127503690940001','DKI JAKARTA','KOTA JAKARTA PUSAT','JOHAR BARU','TANAH TINGGI','Jakarta','2023-09-05','O-','S2','UI','888880000000','2023-10-18','Bekasi','rinairawan224@yahoo.com','085370845164','Pt.d','Jasa','Keu','Bekasi','0853'),(152,32,2,'2024-07-07 14:35:33','Ojan','32108271','JAMBI','KABUPATEN TANJUNG JABUNG ','PENGABUAN','SUNGAI PAMPANG','Bekasi','2023-10-31','O-','D3','SMK ab','321640','2023-10-31','Bekasi','cbrr31359@gmail.com','0895372445014','Delta Indonesia','Training','It','Bekasi','091'),(153,32,2,'2024-07-07 14:35:33','alles ramadhan','000999888','SUMATERA SELATAN','KABUPATEN OGAN KOMERING U','BUAY RAWAN','PELAWI','bandung','2023-11-03','A-','S1','smk mutiara','08521','2023-11-03','jl. jambu','allesfcb2@gmail.com','081240470207','Pr','ed','ee','dd','es'),(154,32,2,'2024-07-07 14:35:33','yuyun uhuy','000999888','BENGKULU','KABUPATEN BENGKULU TENGAH','PONDOK KUBANG','DUSUN BARU I','bantar sari','2023-11-03','A-','S2','smk mutiara','04546','2023-11-03','banten','aji@gmail.com','081240470207','P','p','p','p','p'),(155,32,2,'2024-07-07 14:35:33','aji','3201','BENGKULU','KABUPATEN KAUR','SEMIDANG GUMAY','GUNUNG TIGA I','bandung','2023-11-03','AB+','S1','jeej','9383','2023-11-03',' eksi','aji','085950790219','J','k','k','k','k'),(158,33,2,'2024-07-07 14:35:33','Hery syaputro','3215051507860007','JAWA BARAT','KABUPATEN KARAWANG','KLARI','WALAHAR','tanjung enim','1986-07-15','O+','SMA / SMK','SMA PTBA ','06705','2004-02-03','dusun walahar 1 Rt/RW 02/01 ','Herynaufal77@gmail.com','081386106685','Pt Sany Machinery Indonesia','manufacturing','maintenance','jl mitra raya 1 parungmulya ciampel','0212929062'),(164,33,2,'2024-07-07 14:35:33','Nizar Abdul Muhaimin, ST','3674010109770004','DKI JAKARTA','KOTA JAKARTA PUSAT','MENTENG','KEBON SIRIH','Pasuruan ','1977-09-01','AB+','S1','UNISMA','0533034','2001-08-23','PT. Jaya Teknik Indonesia, Jl. Johar No.10','nizar.muhaimin@jayateknik.com','08151674371','Pt. Jaya Teknik Indonesia','Jasa & Traiding','Service Engineer AC','Jl. Johar No.10 kel. Kebon sirih, Kec.Menteng Jakarta pusat','021-23555999'),(165,33,2,'2024-07-07 14:35:33','QADARISMAN ILYAS','3528022201910','Pilih Provinsi','Pilih Kabupaten','Pilih Kecamatan','Pilih Kelurahan','Pamekasan','1991-01-22','Golongan Da','S1','Universitas Brawijaya','88590','2013-10-31','kalimantan','eka.gustanto@simedarbyplantation.com','+62812-2707-0065','Pt. Paripurna Swakarsa','Perkebunan','Asisten SQM','Pondok Labu','(021) 29926000'),(168,33,2,'2024-07-07 14:35:33','KARTIKO SULISTIONO','1801241011930001','LAMPUNG','KABUPATEN LAMPUNG SELATAN','WAY PANJI','SIDOHARJO','SIDOHARJO','1993-11-10','Golongan Da','SMA / SMK','SMK N 2 KALIANDA','0019485','2011-05-16','DUSUN 2 DESA SIDOHARJO RT.003 RW.002 KEL. SIDOHARJO KEC. WAY PANJI LAMPUNG SELATAN','Kartikosulistyono@gmail.com','081294019728','Pt Antilope Madju Puri Indah','PROPERTY','LEADER ENGINEERING','Jl. Puri Agung, RT.1/RW.2, Kembangan Sel., Kec. Kembangan, Kota Jakarta Barat, Daerah Khusus Ibukota Jakarta 11610','021 22580606'),(171,33,2,'2024-07-07 14:35:33','Raditiya Prihandanu','1871031907890','LAMPUNG','KOTA BANDAR LAMPUNG','RAJABASA','GEDONG MENENG','Bandar Lampung','1989-07-19','O+','S1','Universitas Lampung','02072385512015','2014-05-19','Puri Harmoni, Jl Cendana, Blok D12/32, Kel Tajur, Kec Citeurep, Kab Bogor, Jawa Barat','raditiyaprihandanu@gmail.com','0887433360146','Jaya Karya Integrasi','Mechanical, Electrical, Data Centre','Senior Shift Engineer','APL Tower lt.6-T3 Jl. LetJend S. Parman Kav 28 & Jl. Griyaloka Raya Blok RC2 No 13 BSD Tangerang Selatan, Banteb','T. +62.21.2903-4266 '),(172,34,2,'2024-07-07 14:35:33','Aris Setiadi ','3201012603850003','JAWA BARAT','KOTA BOGOR','TANAH SEREAL','KEBONPEDES','Jakarta ','1985-03-26','O+','SMA / SMK','SMK Tri Dharma 1','422114352002','2002-04-22','JL.Malabar Ujung No.25 RT.005 RW.002 Tegallega,Bogor Tengah,Kota Bogor','nurularis19@gmail.com','087883850660','Pt.megah Agung Lestari','Properti','Staff','JL.Darmawangsa 6 dan 9 Pulo,Keboyoran Baru,Jakarta Selatan','0217205066'),(173,34,2,'2024-07-07 14:35:33','Aris Setiadi ','3201012603850003','JAWA BARAT','KOTA BOGOR','TANAH SEREAL','KEBONPEDES','Jakarta ','1985-03-26','O+','SMA / SMK','SMK Tri Dharma 1','422114352002','2002-04-22','JL.Malabar Ujung No.25 RT.005 RW.002 Tegallega,Bogor Tengah,Kota Bogor','nurularis19@gmail.com','087883850660','Pt.megah Agung Lestari','Properti','Staff','JL.Darmawangsa 6 dan 9 Pulo,Keboyoran Baru,Jakarta Selatan','0217205066'),(174,35,2,'2024-07-07 14:35:33','ARWIN ACHMAD','7105101105830002','SULAWESI UTARA','KABUPATEN MINAHASA SELATA','AMURANG','RANOYAPO','RANOIAPO','1983-05-11','A+','SMA / SMK','SMK NEGERI 2 SAMARINDA','26','2001-06-08','RANOIAPO, LING X','mirantydjakaria@gmail.com','0811438527','Pt. Cargill Indonesia  - Amurang','','Operator Boiler','kel. Kawangkoan Bawah, lingk X. Kec. Amurang Barat. Kab Minahasa Selatan','043022248'),(175,33,2,'2024-07-07 14:35:33','Agus santoso','3314011112850003','DKI JAKARTA','KOTA JAKARTA BARAT','PALMERAH','KOTA BAMBU UTARA','Sragen','1985-12-11','none','SMA / SMK','Smk muhammadiyah 1 hgondangrejo','423715872005','2005-05-19','Jl.wuluh 3 rt 07/07 no 21 kota bambu utara','Santoso.agoes001@gamil.com','085777773304','Pt. Jaya Teknik Indonesia','Jada','Teknisi','Jl.johar no 10 menteng','02123555999'),(190,33,2,'2024-07-07 14:35:33','Abdul rohim ','3174040709830016','DKI JAKARTA','KOTA JAKARTA SELATAN','PASAR MINGGU','KEBAGUSAN','Semarang ','1983-09-07','A+','SMA / SMK','SMU N 1 pabelan ','00119379','2000-06-09','Jl sepat no 58 RT 001/01 Kebagusan ','abdrohim2000@gmail.com','081932301823','Pt Loka Mampang Indah Realty','Property ','Staf','Jl TB Simatupang kav. 88','0217827610'),(192,35,2,'2024-07-07 14:35:33','Harry jehosua','710517060874','SULAWESI UTARA','KABUPATEN MINAHASA SELATA','AMURANG BARAT','KAWANGKOAN BAWAH','Amurang','1974-08-06','O+','SMA / SMK','SMA Kr EL\'FATAH','0795361','1993-01-06','Kawangkoan bawah','bonnyjehosua74@mail.com','082192228151','Pt Cargill','Copra','Storeman','Kawangkoan bawah amurang','043022248'),(193,33,2,'2024-07-07 14:35:33','Trisyanto','3275072603970007','JAWA BARAT','KOTA BEKASI','BANTARGEBANG','CIKETINGUDIK','Subang','1997-03-26','none','SMA / SMK','Smk muhamadiyah 1 cileungsi','10128882','2015-05-15','Perumahan taman rahayu regency blok c4 no 103 kel.ciketing udik kec bantargebang kota bekasi ','trisy810@gmail.com','082196340070','Pp Enocco Vitaltechno Indonesia','Machine marker dan automation','Teknisi','Ruko limus pratama blok f 2 no 2 jln raya narogong km 15.5 pangkalan 7 limus nunggal cileungsi bogor','(62-21)29464232'),(194,33,2,'2024-07-07 14:35:33','Muji eko prayitno','3216152811790004','JAWA BARAT','KABUPATEN BEKASI','SUKATANI','SUKARUKUN','Surabaya','1979-11-28','O-','SMA / SMK','SMU NEGERI 10 SURABAYA','041010007122','1998-02-25','Perum cikarang asri blok g2 no8 rt001 / rw006','Muji.eko.p@gmail.com','081315472718','Pt.iss Indonesia','JASA','Tecnisian jakarta- karawang','Jl sudirman blok j no 3 bintaro jaya 15229','02174864490'),(196,33,2,'2024-07-07 14:35:33','Bobby Belyana Rosman','3215050311930004','JAWA BARAT','KABUPATEN KARAWANG','KLARI','CIBALONGSARI','Karawang','1993-11-03','O+','SMA / SMK','Smk Texar Klari','0157647','2012-03-05','Perum Grand Mutiara Blok F11-No.14','bobby031195@gmail.com','081299069365','Pt.sany Indonesia Machinery','HEAVYDUTY alat berat','Operator Maintenance','Kawasan Industri Mitra Karawang','02129290851'),(197,33,2,'2024-07-07 14:35:33','Danang Prihantoro','3403120603900','DI YOGYAKARTA','KABUPATEN GUNUNG KIDUL','SEMIN','REJOSARI','Gunungkidul','1990-03-06','Golongan Da','SMA / SMK','SMKN 3 WONOSARI','323131','2008-06-14','Bedil kulon, Rejosari 01/01 Semin, Gunungkidul, Yogyakarta','dan.pri63@gmail.com','081807464693','Pt. Jaya Teknik Indonesia','Kontraktor','tehnician','Jalan Johar no.10 Menteng, Jakarta Pusat','02123555999'),(198,33,2,'2024-07-07 14:35:33','Wawan Darmawan ','3211013112930013','JAWA BARAT','KABUPATEN KARAWANG','PURWASARI','SUKASARI','Sumedang','1993-12-31','Golongan Da','SMA / SMK','Smkn Situraja','2523','2012-03-05','Perumahan Bukit Sukasari Residence Blok i3 No 4','wawanalvie@gmail.com','085770885017','Pt Tuffindo Nittoku Autoneum','Industri otomotif ','Operator Maintenance','Jalan Surya Madya VI Kav. I-46 BC, Kutanegara, Kec. Ciampel, Karawang, Jawa Barat 41363','(0267) 8637777'),(199,33,2,'2024-07-07 14:35:33','Mochammad Dwi Purwanto ','3525080912860001','DKI JAKARTA','KOTA JAKARTA PUSAT','MENTENG','KEBON SIRIH','Gresik ','1986-12-09','none','SMA / SMK','SMK Negeri 1 Cerme Gresik ','0326434','2006-06-19','Jl Johar no 10 kebun sirih Menteng Jakarta pusat ','mdwipurwanto9@gmail.com','085103104999','Pt Jaya Teknik Indonesia','Maintenance and service ','Engineer ','Jl Johar no 10 kebun sirih Menteng Jakarta pusat ','021 23555999'),(200,33,2,'2024-07-07 14:35:33','Fajri Agustian','3201170508930008','JAWA BARAT','KABUPATEN BOGOR','PAMIJAHAN','CIBITUNG WETAN','BOGOR','1993-08-05','O+','SMA / SMK','Al AULIA','080910010','2011-05-16','Kp.cidamar RT02/RW06 desa cibitung wetan kec.pamijahan kab.bogor','Famellashaqueena11@gmail.com','082124899709','Apartement','customer service','Engineering MEP','Jl. Batu Ampar III Jl. H. Saidan No.7, RT.7/RW.3, Batu Ampar, Kec. Kramat jati, Kota Jakarta Timur, Daerah Khusus Ibukota Jakarta 13520','(021)80876242'),(202,35,2,'2024-07-07 14:35:33','Victor Christian Octavianus Porajow, S.Si','710517181080800001','SULAWESI UTARA','KABUPATEN MINAHASA SELATA','AMURANG BARAT','PONDOS','Tarakan','1980-10-18','O+','S1','Universitas Kristen Duta Wacana Yogyakarta','007.2010','2010-02-20','Pondos, Jaga V','victorporajow@gmail.com','085240172090','Pt. Cargill.indonesia Amurang','Agricultural','Analis','Jl. Trans Sulawesi, Lingkungan X Kawangkoan Bawah, Amurang Barat, Minahasa Selatan, Sulawesi Utara','043022688/043022677/'),(203,35,2,'2024-07-07 14:35:33','Rio komara','3201032210740005','JAWA BARAT','KABUPATEN BOGOR','Pilih Kecamatan','Pilih Kelurahan','Sumedang','1974-10-22','AB+','SMA / SMK','Sma PGRI Cibinong ','0018438','1993-05-29','Jln. Karanggan Rt03/04 no 55 Puspasari Citeureup ','riokomara74@gmail.com','083805387301','Pt. Ricky Garmen Exportindo','Garmen','Supervisor ','Jln Industri  no. 54 Tarikolot Citeureup Bogor ','021. 87940305'),(204,35,2,'2024-07-07 14:35:33','Ardi Dwi Abdillah ','3202241309950005','JAWA BARAT','KABUPATEN BOGOR','Pilih Kecamatan','Pilih Kelurahan','Sukabumi ','1995-09-13','Golongan Da','S1','Sekolah Tinggi Ilmu Ekonomi Fajar ','201423020','2014-05-23','Kp. Tangkoko Rt03 Rw08','ardidwi13@gmail.com','081292936575','Pt. Ricky Sportindo','Garment','Staff Produksi ','Jl. Industri No.45 Ds. Tarikolot','0218751052'),(205,35,2,'2024-07-07 14:35:33','Dewi Widya Ningrum','3175095211000001','DKI JAKARTA','KOTA JAKARTA TIMUR','CIRACAS','CIBUBUR','Jakarta','2000-10-12','B-','S1','Poltekkes Kemenkes Jakarta II','133512022000179','2022-11-15','Jl. Taruna Jaya No.63 ','dewiwidyaningrumm@gmail.com','+6285280683521','Pt. Ricky Sportindo','Garment','Staff HRD','Jl. Industri No.54 ','02187942406/87942408'),(209,35,2,'2024-07-07 14:35:33','Wasis prianto','3301130803910002','JAWA TENGAH','KABUPATEN CILACAP','Pilih Kecamatan','Pilih Kelurahan','cilacap','1991-06-08','O+','S1','universitas 17 agustus 1945 samarinda','222012020000771','2020-04-22','dsn dukuh sawah Rt01 Rw 03, desa kutabima, kec.cimanggu, kab.cilacap jawa tengah','wasisprianto34@gmail.com','082157888875','Pt. Ricky Putra Globalindo','grment','Staff Maintenance','Jl. Industri no.54 tarikolot-citeureup, indonesia','021-8751052 / 021-87'),(212,35,2,'2024-07-07 14:35:33','BERKA BACHTYAR AFFANATA','3603110809990001','BANTEN','KABUPATEN TANGERANG','RAJEG','SUKA TANI','PRINGSEWU, LAMPUNG','1999-09-08','Golongan Da','SMA / SMK','SMK LAB BUSINESS SCHOOL','0008763','2017-05-02','PDK. SUKATANI PERMAI C-02/06 RT 001/002 DESA SUKATANI KEC. RAJEG','ijglobal62@gmail.com','0812-9838-6572','Pt. Ij Global','INDUSTRI PENYEMPURNAAN KAIN','OPERATOR PRODUKSI','JL. ASHOHEH (ATOM) RT 03/01 DESA KARANG ASEM TIMUR KEC. CITEUREUP KAB. BOGOR','ijglobal62@gmail.com'),(215,35,2,'2024-07-07 14:35:33','Achmad Suryono Donoseputro','3275021509800029','DKI JAKARTA','KOTA JAKARTA PUSAT','CEMPAKA PUTIH','CEMPAKA PUTIH TIMUR','Bogor','1980-09-15','B-','S1','Universitas Muhammadiyah','8047','2004-12-07','Graha Mulya Cibinong, Blok I no 5, Harapan Jaya, Cibinong. Bogor-Jawa Barat','ono_ds@yahoo.co.id','08129577903','Pt. Ricky Putra Globalindo, Tbk','Garment ','Supervisor Senior Produksi','Jl. Industri No. 54, Citeureup-Bogor','0218751052'),(216,33,2,'2024-07-07 14:35:33','Hafid Muhamad Zein','3205020404930001','BANTEN','KOTA TANGERANG','CIPONDOH','CIPONDOH','Garut','1993-04-04','AB+','D3','Politeknik Negeri Bandung','2202002','2015-04-18','Jl. Bintaro Utama 9 Blok J no 3','mzhafid04@gmail.com','085773312513','Pt. Iss Indonesia','Jasa','Technician','Jl. Bintaro utama 9 blok j no 3','02174864490'),(235,33,2,'2024-07-07 14:35:33','APRI FAISAL','3212260704930001','JAWA BARAT','KABUPATEN INDRAMAYU','LOSARANG','LOSARANG','INDRAMAYU','1993-04-07','Golongan Da','SMA / SMK','SMKN 1 LOSARANG','0137255','2011-05-16','Kp. Nyangegeng Rt/08 Rw/04 Desa Cipenjo, Kec.Cileungsi Kab.Bogor, Prov.Jawa Barat','apri.faisal07@gmail.com','081313333992','Pt. Jaya Karya Integrasi','bidang solusi elektrikal, mekanikal dan data center','SENIOR SHIFT ENGINEER / SHIFT LEADER','APL Tower lt.6-T3 Jl. LetJend S. Parman Kav 28 & Jl. Griyaloka Raya Blok RC2 No 13 BSD Tangerang selatan Banten T. +62.21.2903-4266 F. +62.21.2903-4267 Jakarta 11470 www.jayakaryaintegrasi.co.id','T. +62.21.2903-4266 '),(236,35,2,'2024-07-07 14:35:33','Heri hariyanto','3201031502930004','JAWA BARAT','KABUPATEN BOGOR','CITEUREUP','TAJUR','Bogor','1993-02-15','AB+','SMA / SMK','Al khairiyah','0049449','2013-05-24','Kp tajur Rt 01/03 desa Tajur kecamatan,citeureup,Bogor','herihariyanto49@gmail.com','08991061436','Pt.ricky Kobyashi','Accesoris','Leader','Jl. Industri tarikolot no 54','+62 21 87941149'),(237,33,2,'2024-07-07 14:35:33','Hendra Wahyu Setiyawan','3402111004930003','LAMPUNG','KABUPATEN LAMPUNG TIMUR','WAWAY KARYA','NGESTI KARYA','Bantul','1993-04-10','Golongan Da','SMA / SMK','SMK Negeri 1 Dlingo','0008633','2012-05-26','Dusun IV RT. 009/RW.004','irsupervisor.tangerang@suryarengo.co.id','08128280338','Pt Surya Rengo Containers','Karton Box','Operator Teknik','JL. KH. Agus Salim No. 4 Poris Plawad Kec. Cipondoh Kota Tangerang','irsupervisor.tangera'),(239,33,2,'2024-07-07 14:35:33','Andri Prianto','3201321108880002','JAWA BARAT','KABUPATEN BOGOR','Pilih Kecamatan','Pilih Kelurahan','Bogor','1988-08-11','A+','S1','','4988','2015-08-27','Perumahan grand Kahuripan cluster Krakatau LB 40 Rt18 Rw12 klapanunggal','andri.2011710250011@gmail.com','085768444422','Pt Cj Foodville Cafe And Bakery','Makanan','Manager','Jalan Flores 3 /C 2-5 kawasan industri MM2100 desa Mekarwangi kec Cikarang barat bekasi','02150805141'),(240,33,2,'2024-07-07 14:35:33','AHSAN NURUL HUDA','332713010785001','JAWA TENGAH','KABUPATEN PEKALONGAN','KANDANGSERANG','Pilih Kelurahan','PEMALANG','1985-02-22','B-','SMA / SMK','SMK MUHAMMADIYAH','423.7185072005','2005-05-19','Perum. Kalang sari blok D2 no. 28 Rengasdengklok Karawang','ahsannurulhuda641@gmail.com','085711411225','Maintenance','Otomotif','Leader','Jl. Harapan raya Lot JJ-2B. Kawasan Industri KIIC, Sinarbaya, Telukjambe timur Karawang, Jawa Barat Indonesia 41361 ','021 8911 4015/6'),(243,33,2,'2024-07-07 14:35:33','Taufik Hidayat ','3203311103850007','JAWA BARAT','KABUPATEN GARUT','GARUT KOTA','PAMINGGIR','Garut ','1985-03-11','O+','SMA / SMK','SMKN 2 Tarogong Garut ','0150600','2004-06-14','Kp. Pasir Cangkudu RT 03 RW 01 ','tfk1901@gmail.com','083127318557','Pt. Ocs Global Services','','Teknisi stap ','Cibis park jl. TB Simatupang no2 Cilandak Timur ','021'),(244,34,2,'2024-07-07 14:35:33','Yuyun','12345678911234567890','JAWA BARAT','KOTA BEKASI','BEKASI UTARA','KALIABANG TENGAH','Wonogiti','2023-11-11','O+','S1','Uhamka','12345','2023-11-11','Pup blok kk 2 no 30','Yuyunarniwywa','12345','Delta','Jasa','Pic','Sunciyty','0987665'),(252,33,2,'2024-07-07 14:35:33','Indrawan','1271133105690001','SUMATERA UTARA','Pilih Kabupaten','Pilih Kecamatan','Pilih Kelurahan','Medan','1969-05-31','O+','SMA / SMK','STM negeri 1 medan','0023219','1988-05-13','Jl. Tempirai 7 no 177 blok 7 griya martubung','iwanpro5548@gmail.com','081370494007','Cv Persada Agro Lestari Mandiri','Listrik','Direktur','Jl. Tempirai 7 no177 blok 7 griya martubung kelurahan besar medan labuhan, medan -sumatera utara','persadaagrolestarima'),(255,33,2,'2024-07-07 14:35:33','EBEN EZER HASIBUAN','3201322706990001','JAWA BARAT','KABUPATEN BOGOR','Pilih Kecamatan','Pilih Kelurahan','JAKARTA','1999-06-27','O+','SMA / SMK','SMK NEGERI 1 GUNUNGPUTRI','0049322','2017-05-04','KP. NAROGONG RT 06/ RW 02 NO 115','Eben.e.hasibuan@gmail.com','081312115040','Pt. Ocs Global Service','Jasa','Staff Teknisi','Jl. TB Simatupang, Cilandak Tim., Kota Jakarta Selatan','02140055050'),(256,33,2,'2024-07-07 14:35:33','Raga Drijaya','3374021008900002','JAWA BARAT','KABUPATEN BEKASI','CIKARANG BARAT','TELAGAMURNI','Semarang','1990-08-10','none','S1','Universitas Dian Nuswantoro','1100026700100','2013-03-27','Metland Cibitung, AE6/7','raga.drijaya@nin.nokgrp.com','085641132639','Pt Nok Indonesia','Manufaktur','AGH','MM2100, Jl. Sulawesi II, Blok F 3-4, Gandamekar, Kec. Cikarang Bar., Kabupaten Bekasi, Jawa Barat 17530','(021) 8981041'),(257,33,2,'2024-07-07 14:35:33','Raga Drijaya','3374021008900002','JAWA BARAT','KABUPATEN BEKASI','CIKARANG BARAT','TELAGAMURNI','Semarang','1990-08-10','none','S1','Universitas Dian Nuswantoro','1100026700100','2013-03-27','Metland Cibitung, AE6/7','raga.drijaya@nin.nokgrp.com','085641132639','Pt Nok Indonesia','Manufaktur','AGH','MM2100, Jl. Sulawesi II, Blok F 3-4, Gandamekar, Kec. Cikarang Bar., Kabupaten Bekasi, Jawa Barat 17530','(021) 8981041'),(259,39,2,'2024-07-07 14:35:33','Chelsea Naomi Tirtaulima','3175024906980001','JAWA BARAT','KOTA DEPOK','SUKMA JAYA','MEKAR JAYA','Jakarta','1998-06-09','O+','S1','Universitas Katolik Indonesia Atma Jaya','262012020001070','2020-08-10','Perum Griya Kencana Blok BM 9, Jl. Merdeka Depok 2 Tengah','chelseaanaomi@gmail.com','082213329111','Pt Sucofindo','','QHSE Officer','Graha Sucofindo, Jl. Raya Pasar Minggu, RT.4/RW.1, Pancoran, Kec. Pancoran, Kota Jakarta Selatan, Daerah Khusus Ibukota Jakarta 12780','(021) 7983666'),(260,39,2,'2024-07-07 14:35:33','Bahrul Ulum Japar','3216200801000001','JAWA TENGAH','KABUPATEN SEMARANG','TENGARAN','TENGARAN','Bekasi','2000-01-08','none','D3','univeristas Dipenogoro','634122021000220','2021-06-30','Kp. Rawa sentul Rt 002/004 Jaya Mukti Cikarang Pusat Bekasi ','nugrahaucu27@gmail.com','085776896926','Pt. Putra Jafar Utama','konstruksi, Suplier dan Perdagangan Bebas ','Direktur','Kp. Rawa Sentul Bekasi ','081381944444'),(261,37,2,'2024-07-07 14:35:33','ATEP IRWAN FARID','3206161512850002','JAWA BARAT','KABUPATEN PURWAKARTA','PURWAKARTA','CISEUREUH','TASIKMALAYA','1985-12-15','O+','SMA / SMK','SMA N 1 SINGAPARNA','0049365','2005-04-18','perum PESONA GRIYA ASRI blok R4 no 11','irwan.faried@gmail.com','081310017192','Pt Summi Rubber Indonesia','KIMIA','LEADER','Kota Bukit Indah Blok H, sektor 1A, kawasan industri Indotaisei, Cikampek, Karawang, Jawa Barat','tel : (62-264) 351 3'),(262,37,2,'2024-07-07 14:35:33','Muhammad Iqbal Tawaqal','3671112610000005','BANTEN','KOTA TANGERANG','PINANG','CIPETE','Jakarta','2000-10-26','A-','S1','Universitas Diponegoro','242012022001339','2022-08-18','Banjar wijaya blok B 28 No 12 A','miqbaltawaqal26@gmail.com','085779614328','Pt. Sumi Rubber Indonesia','MANUFAKTUR','WORKS TECHNICAL STAFF','Kawasan Industri Indotaisei, Blok H Sektor 1A, Kalihurip, Kab. Cikampek, Karawang','wt_mixing@dunlop.co.'),(263,37,2,'2024-07-07 14:35:33','Muhammad Iqbal Tawaqal','3671112610000005','BANTEN','KOTA TANGERANG','PINANG','CIPETE','Jakarta','2000-10-26','A-','S1','Universitas Diponegoro','242012022001339','2022-08-18','Banjar wijaya blok B 28 No 12 A','miqbaltawaqal26@gmail.com','085779614328','Pt. Sumi Rubber Indonesia','MANUFAKTUR','WORKS TECHNICAL STAFF','Kawasan Industri Indotaisei, Blok H Sektor 1A, Kalihurip, Kab. Cikampek, Karawang','wt_mixing@dunlop.co.'),(266,37,2,'2024-07-07 14:35:33','Rendi Hadiwijaya','3207020710870002','JAWA BARAT','KABUPATEN PURWAKARTA','PURWAKARTA','CISEUREUH','Ciamis ','1987-10-07','A+','Pendidikan Terakhir','STT Wastukancana Purwakarta','12555994876','2018-04-14','Perum Dian Anyar Blok Q3/10','rendi@dunlop.co.id','081283159341','Pt. Sumi Rubber Indonesia','Otomotif','Staff','Kawasan Indotaisei Blok H sektor 1A kalihurip','0264 351346'),(267,38,2,'2024-07-07 14:35:33','SUHARWANTO','3174091111890008','DKI JAKARTA','KOTA JAKARTA SELATAN','JAGAKARSA','Pilih Kelurahan','JAKARTA','1989-11-11','none','S1','Universitas Nasional','006','2014-02-15','Jl. H. Kayar No 37 RT 009/006 Ciganjur','suharwanto1189@gmail.com','081213497393','Pt. Mitra Garindo Perkasa','Industri Garment','Maintenance','Jl. Pancasila V No. 21 Cicadas Gunung Putri Bogor Jawa Barat','021-8672165'),(268,39,2,'2024-07-07 14:35:33','Ifandayani Slat Tatuhe','7171034609880002','SULAWESI UTARA','KOTA MANADO','SINGKIL','WAWONASA','Tule','1988-09-06','Golongan Da','S1','Universitas Katolik De La Salle Manado','1034','2010-08-03','Wawonasa Lingkungan 3','ifandayani_tatuhe@cargill.com','08114304417','Pt. Cargill Indonesia - Copra Crushing Plant Amurang','PT. Cargill Indonesia - Copra Crushing Plant Amurang','Production Excellence','Wawonasa Lingkungan 3','ifandayani_tatuhe@ca'),(269,39,2,'2024-07-07 14:35:33','Evita Fitri Rani','3215034905900001','JAWA BARAT','KABUPATEN KARAWANG','TELUKJAMBE TIMUR','SIRNABAYA','Jakarta','1990-05-09','A+','S1','','0924','2013-08-26','Puri Teluk Jambe Blok C 15 No. 53 Karawang - Jawa Barat','qc1@dipsol.co.id','08115803717','Pt. Dipsol Indonesia','Pembuatan dan Penjualan Bahan Kimia Finishing Permukaan Logam dan Technical Support','Spv. QA','Suryacipta City of Industry Jl. Surya Madya Kav A-11BC, Kutamekar, Ciampel Karawang - Jawa Barat','(0267) 8610387'),(272,37,2,'2024-07-07 14:35:33','EKO SUYAMTO','3214012106790012','JAWA BARAT','Pilih Kabupaten','Pilih Kecamatan','Pilih Kelurahan','SUKOHARJO','1979-06-21','none','SMA / SMK','SMK NEGERI 2 SURAKARTA','224004770','1998-03-06','Panorama Blok G3 no 12,  Rt 94 /Rw 12 , Nagrikaler, Purwakarta','ekosuyamto5@gmail.com','081282708822','Pt Sumi Rubber Indonesia','','Foreman','Bukit Indah City Sektor H 1A Cikampek','0264 351 345'),(273,37,2,'2024-07-07 14:35:33','Olih solih ','3214011907830002','JAWA BARAT','KOTA TASIKMALAYA','KAWALU','Pilih Kelurahan','Tasikmalaya ','1983-07-19','A+','SMA / SMK','SMKN2 TASIKMALAYA ','422.11435','2002-04-22','Jl. Purnawarman Barat Rt45 /03 Sindangkasih. Purwakarta ','olihmuyni83@gmail.com','081573511087 ','Pt. Sumi Rubber Indonesia','Otomotif ','FM','BIC, Indotaisei blok H sektor 1A.','www.dunlop.co.id'),(274,37,2,'2024-07-07 14:35:33','JAMAL ','3172040206790001','JAWA TIMUR','KABUPATEN MAGETAN','MAOSPATI','MAOSPATI','Magetan ','1979-06-02','O-','SMA / SMK','SMK ','04','1997-06-02','Komplek gupus 1 wilbar RT 012/02, Rorotan Cilincing Jakarta Utara ','jamalmgt79@gmail.com','081213581317','Pt Nippon Paint','Pabrik cat','Kepala satpam','Jln Ancol Barat 1/A5, jakarta Utara ','0216900546'),(275,37,2,'2024-07-07 14:35:33','Dwi Muryono','3214011406790002','JAWA BARAT','KABUPATEN PURWAKARTA','PURWAKARTA','CISEUREUH','Sukoharjo','1979-06-14','B-','SMA / SMK','Smkn 2 Surakarta','216005581','1997-06-02','Perum Griya Asri Blok M1 No 7 RT 11 RW 11','dwimuryono@gmail.com','085759208831','Pt Sumi Rubber Indonesia','Manufaktur tyre dan bola golf','Foreman ','Kawasan Indotaisei Blok H Sektor 1A Kota Bukit Indah','0264 351345'),(276,37,2,'2024-07-07 14:35:33','Dwi Muryono','3214011406790002','JAWA BARAT','KABUPATEN PURWAKARTA','PURWAKARTA','CISEUREUH','Sukoharjo','1979-06-14','B-','SMA / SMK','Smkn 2 Surakarta','216005581','1997-06-02','Perum Griya Asri Blok M1 No 7 RT 11 RW 11','dwimuryono@gmail.com','085759208831','Pt Sumi Rubber Indonesia','Manufaktur tyre dan bola golf','Foreman ','Kawasan Indotaisei Blok H Sektor 1A Kota Bukit Indah','0264 351345'),(277,39,2,'2024-07-07 14:35:33','Bestito Desril','1408041509990008','RIAU','KABUPATEN S I A K','TUALANG','PERAWANG BARAT','Pakan Rabaa Gadut','1999-09-15','A+','D3','Institut Pertanian Bogor','414332021000874','2021-10-04','BTN.Cendrawasih Blok F2 No 5','dbestito@gmail.com','081277152277','Pt Tunggal Mitra Plantation','Perkebunan Kelapa Sawit','Field Asistant','Siarang Arang, Kec. Pujud, Kabupaten Rokan Hilir, Riau 28992','manggala.estate.2@si'),(278,39,2,'2024-07-07 14:35:33','  Wendi hafidz ramli','1408040604940011','ACEH','KABUPATEN ACEH TAMIANG','KARANG BARU','KEBUN TANAH TERBAN','Payakumbuh','1994-04-06','B-','D3','IPB','0301151844','2015-09-15','Bukit meja ','wendi.h.ramli@simedarbyplantation.com','081290386604','Minamas Plantation','Kelapa sawit','Asisten','Jalan baru bakal','+62 812-2707-0065'),(282,39,2,'2024-07-07 14:35:33','R. HERMAWAN TRIES SUSANTO,SH','3303060209700001','JAWA TENGAH','KABUPATEN PURBALINGGA','KALIMANAH','KARANGMANYAR','CILACAP','1970-09-02','B-','S1','UNIVERSITAS 17 AGUSTUS 1945 SEMARANG','31011138','1996-11-09','KARANGMANYAR RT 06 RW 03 KARANGMANYAR, KEC. KALIMANAH, KAB. PURBALINGGA','snjp.office2020@gmail.com','085869775252','Cv. Sn Jaya Prima','INDUSTRI PENGOLAHAN KAYU','Staff Kantor','Jl. Raya Jetis Km. 4, Desa Jetis, Kec. Kemangkon, Kab. Purbalingga','snjp.office2020@gmai'),(284,39,2,'2024-07-07 14:35:33','I Made Suedana, ST','5103051604850001','BALI','KABUPATEN BADUNG','KUTA SELATAN','Pilih Kelurahan','Benoa','1985-04-16','A+','S1','Universitas Udayana','6259','2007-08-04','Jl. Taman Sari, No.18 Tanjung Benoa','suedana16@gmail.com','081338649686','Pt. Cahaya Warna Prima (six Senses Uluwatu, Bali)','Perhotelan','Assistant Chief Engineering','Jalan Goa Lempeh, Pecatu, Kuta Selatan, Kabupaten Badung, Bali','0361 2090300/ reserv'),(295,37,2,'2024-07-07 14:35:33','ANWAR RUDIN','3201032312840002','JAWA BARAT','KABUPATEN BOGOR','Pilih Kecamatan','Pilih Kelurahan','BOGOR','1984-12-23','Golongan Da','SMA / SMK','SMK WIDYA DHARMA CITEUREUP','0095740','2003-06-09','KARANG ASEM TIMUR RT 003/005 DESA KARANG ASEM TIMUR KEC. CITEUREUP KAB.BOGOR','ijglobal62@gmail.com','0857-1475-0130','Pt. Ij Global','INDUSTRI PENYEMPURNAAN KAIN','OPERATOR PRODUKSI','JL. ASHOHEH (ATOM) RT 03/01 DESA KARANG ASEM TIMUR KEC. CITEUREUP','ijglobal62@gmail.com'),(296,42,2,'2024-07-07 14:35:33','Lonardi','1272020206030003','SUMATERA UTARA','KOTA PEMATANG SIANTAR','SIANTAR BARAT','PROKLAMASI','Pematangsiantar','2003-06-02','none','SMA / SMK','SMK SWASTA METHODIST','0974779','2021-06-04','Jl. Merdeka No 26, Blk No 9, RT 003, RW 002, Kel. Proklamasi, Kec. Siantar Barat, Kota Pematangsiantar, Prov. Sumatera Utara','veronita.cao@musimmas.com','0859106821283','Pt. Berkat Sawit Sejati','Kelapa Sawit','Officer','Spring Tower 03-31, Jl. KL Yos Sudarso, Tanjung Mulia, Medan Deli, Medan, 20241','veronita.cao@musimma'),(297,39,2,'2024-07-07 14:35:33','Ulya Arifah','3175024804920001','DKI JAKARTA','KOTA JAKARTA TIMUR','KRAMAT JATI','CAWANG','jakarta','1992-04-15','O+','S1','Stikes Binawan','1503210247','2015-09-11','Jl. Malaka Raya No. 186 perumnas klender Jakarta Timur','mrsulyaarifah@gmail.com','081807903752','Pt. Alkon Best Mandiri','Perusahaan jasa K3','Staf kantor perwakilan Jakarta ','Komplek Balikpapan Baru, Jl. MT Haryono No.9, Damai, Balikpapan Selatan, Balikpapan City, East Kalimantan 76114','0542875239'),(298,37,2,'2024-07-07 14:35:33','RAMSADI','3276011502820002','SULAWESI SELATAN','KABUPATEN BULUKUMBA','KAJANG','BONTORANNU','BONTORANNU','1986-02-15','O+','SMA / SMK','SMA NEG. 1 KAJANG','0356344','2005-06-30','JL.SWADAYA 6 NO.7B RT.005/024 KALIABANGTENGAH BEKASI UTARA','ramsadihanarru@gmail.com','087882258686','Pt. Makmur Orient Jaya','RETAIL','COORDINATOR','JL.BULEVAR AHMAD YANI BLOM M','021 29572888'),(299,39,2,'2024-07-07 14:35:33','Adhitya Muhammad Ramadhan ','3173072501981001','DKI JAKARTA','KOTA JAKARTA BARAT','PALMERAH','JATI PULO','bandung ','1998-01-25','none','S1','Universitas Trisakti ','262012022000608','2022-04-18','Jl. Melur no 28 RT 06/01 Kec, palmerah kel, jatipulo jakarta barat ','adhitya.m.ramadhan@gmail.com','085717126102','Pt.mitra Multi Teknomedika','industri ','HRD ','Jl. Burangkeng Setu Bekasi No.11, RT.003/RW.RT.004, Burangkeng, Kec. Setu, Kabupaten Bekasi, Jawa Barat 17320','083816443324'),(300,39,2,'2024-07-07 14:35:33','Adhitya Muhammad Ramadhan ','3173072501981001','DKI JAKARTA','KOTA JAKARTA BARAT','PALMERAH','JATI PULO','bandung ','1998-01-25','none','S1','Universitas Trisakti ','262012022000608','2022-04-18','Jl. Melur no 28 RT 06/01 Kec, palmerah kel, jatipulo jakarta barat ','adhitya.m.ramadhan@gmail.com','085717126102','Pt.mitra Multi Teknomedika','industri ','HRD ','Jl. Burangkeng Setu Bekasi No.11, RT.003/RW.RT.004, Burangkeng, Kec. Setu, Kabupaten Bekasi, Jawa Barat 17320','083816443324'),(302,39,2,'2024-07-07 14:35:33','Gustina Wulandari ','3306166208960001','JAWA TENGAH','KABUPATEN PURWOREJO','BENER','KALIBOTO','Purworejo ','1996-08-22','none','S1','Universitas Diponegoro ','542432018000486','2018-10-05','RT 04/04 Kel, bener ','gustinawulan8@gmail.com','082113803193','Pt.mitra Multi Teknomedika','industri ','HRD ','Jl. Burangkeng Setu Bekasi No.11, RT.003/RW.RT.004, Burangkeng, Kec. Setu, Kabupaten Bekasi, Jawa Barat 17320','083816443324'),(303,41,1,'2024-07-07 14:35:33','Ajid Bagas Azis Setiawan','3304012210990003','JAWA TENGAH','KABUPATEN BANJARNEGARA','SUSUKAN','Pilih Kelurahan','Banjarnegara ','1999-10-22','AB+','SMA / SMK','','0275848','2018-05-03','Karangsalam ','ajidsetiawan13@gmail.com','+62 888-0655-7208','Pt.duta Kencana Jaya','Lift & Escalator ','Teknisi ','Jl.Taman Majapahit indah no.7 Semarang','0246711707'),(304,41,1,'2024-07-07 14:35:33','Kristono Budiarto ','367108160470006','JAWA TENGAH','KABUPATEN SRAGEN','SRAGEN','SRAGEN KULON','Sragen ','1970-04-16','A+','SMA / SMK','SMAN 2 Sragen ','0315090','1990-02-05','Jl Mawar VII Rt. 010 Rw. 007 Kelurahan Sangiang Jaya Kecamatan Periuk Kota Tangerang, Banten.','kristonotono16@gmail.com','0895334071647','Pt Jaya Kencana','Kontraktor ','Mekanik','Jl Salemba Raya No.61, Jakarta 11440','(62-21) 390 8501'),(305,41,1,'2024-07-07 14:35:33','SUGENG RIYADI','3302220207830002','JAWA TENGAH','KABUPATEN SEMARANG','UNGARAN BARAT','GOGIK','BANYUMAS','1983-07-02','O+','SMA / SMK','(PKBM) SUKSES BERKAH BERKARYA','0186057','2023-06-30','PERUM. ARGOMULYO BLOK A. 23 RT01 RW10 LEDOK SALATIGA','hafizalfatih056@yahoo.com','088806233259','Pt Duta Kencana Jaya','Lift dan escalator','Teknisi','Jl. TAMAN MAJAPAHIT RUKO 7','024-6711707'),(306,41,1,'2024-07-07 14:35:33','Abdul halim','3201282908840003','JAWA BARAT','KABUPATEN BOGOR','Pilih Kecamatan','Pilih Kelurahan','Bogor','1984-08-29','Golongan Da','SMA / SMK','Insan mandiri','0152436','2023-06-16','Kp. Pasir pogor RT 001 RW 004','wahhaj15@gmail.com','087714643880','Pt Jaya Kencana','Elevator/escalator','Teknisi ','Jl. Salemba raya no. 61 RT 2 RW 6 ','0213908501'),(308,44,1,'2024-07-07 14:35:33','Enni Noprianti','7317094107980018','SULAWESI SELATAN','KABUPATEN LUWU','LAMASI','TO\'PONGO','Topongo','1996-11-30','none','S2','','201012020000133','2020-09-04','Jalan Tiga darah dusun purnama','enninoprianti30@gmail.com','081239467077','Pt.poliplant Sejahtera (cargill)','Minyak kelapa sawit (CPO)','Electrical supervisor','Desa harapan baru,kec.air upas,ketapang,kalimantan barat','Fax 0215745757/no ph'),(309,41,1,'2024-07-07 14:35:33','MIRWAN','7371061311830003','SULAWESI SELATAN','KOTA MAKASSAR','BONTOALA','BARAYA','MAKASSAR','1983-11-13','none','SMA / SMK','SMK 1 BONTOALA','0502418','2002-06-18','JL. KANDEA 2 NO 93','mirwanjakendomks@gmail.com','081355192983','Pt. Jaya Kencana','jasa konstruksi','teknisi','Jln. Rungkut Industri 1 no 9','0318421515'),(310,41,1,'2024-07-07 14:35:33','ERWIN SYAMSIR','7371022805800005','SULAWESI SELATAN','KOTA MAKASSAR','MAMAJANG','SAMBUNG JAWA','SINJAI','1980-05-28','none','SMA / SMK','SPP NEG BONE','09573','1999-05-01','Jln. Tanjung Alang no 72','erwinsyamsir1@gmail.com','085823027498','Pt. Jaya Kencana','jasa konstruksi','teknisi','Jln. Rungkut Industri 1 no 9','0318421515'),(311,41,1,'2024-07-07 14:35:33','MANSYUR','7371103112860061','SULAWESI SELATAN','KOTA MAKASSAR','MANGGALA','BORONG','UJUNG PANDANG','1986-12-31','none','SMA / SMK','SMK KARTIKA','0619414','2008-06-14','JLN. BORONG RAYA','ochilmansyur@gmail.com','085243141166','Pt. Jaya Kencana','jasa konstruksi','teknisi','Jln. Rungkut Industri 1 no 9','0318421515'),(312,41,1,'2024-07-07 14:35:33','Rionaldo semuel patiro','7171072103920002','SULAWESI UTARA','KOTA MANADO','WANEA','TELING ATAS','Manado','1992-03-21','O+','SMA / SMK','Smk n 2 manado','0000868','2010-04-26','Jalan 28 oktober lingkungan 6','Riopatiro21@gmail.com','085398909452','Pt. Jaya Kencana','Jasa konstruksi','Teknisi','Jalan Rungkut Industri 1 nomor 9 surabaya','021-3908501/021-3908'),(316,41,1,'2024-07-07 14:35:33','Agustinus Prijambodo ','3515062508720002','SULAWESI UTARA','KABUPATEN MINAHASA UTARA','KALAWAT','WATUTUMOU','Surabaya ','1972-08-24','O+','SMA / SMK','STM KATOLIK ST. LOUIS SURABAYA ','0028583','1991-06-03','Perum pondok indah maumbi A1/11 Watutumou jaga IX ','agustprijambodo@gmail.com','08563028661','Pt Jaya Kencana','Jasa konstruksi ','Chief Maintenance ','Jl. Rungkut Industri I/9 Surabaya ','031 8421415/8421515'),(317,44,1,'2024-07-07 14:35:33','Amirul Mukminin ','3404122009790004','DI YOGYAKARTA','KABUPATEN SLEMAN','MLATI','SINDUADI','Cilacap','1979-09-20','AB+','S1','IST Akprind','01995','2004-05-08','Pogung dalangan rt.10 rw.50 no.271','amirulmukminin.sa@gmail.com','081545517961','Cargill','Palm Oil Mill','Maintenance Engineer','Manis mata kalimantan barat','Amirul_Mukminin@carg'),(318,39,2,'2024-07-07 14:35:33','Berliana Khansa Salsabila','3509196903020005','SULAWESI UTARA','KABUPATEN MINAHASA SELATA','AMURANG','BUYUNGON','Jember','2002-03-29','O+','S2','Institut Teknologi Sepuluh Nopember','251012023000015','2023-02-24','Buyungon, Jl RS Kalooran','berliana_salsabila@cargill.com','082140797488','Pt. Cargill Indonesia','Minyak Kelapa','EHS','Kawangkoan Bawa, Amurang Barat','berliana_salsabila@c'),(319,37,2,'2024-07-07 14:35:33','Sarwoko','3173013012720023','DKI JAKARTA','KOTA JAKARTA BARAT','CENGKARENG','KAPUK','Jakarta','1972-12-30','O+','SMA / SMK','SMA Muhammadiyah 4 Bengkulu','0269','1994-11-29','Jln mawar no 3 Rt 007/009','wokotsarwoko77@gmail.com','082111545317','Pt Paramount Enterprise Internasional','Proferty','Kepala Damkar ','Jl boulevard Raya  Gading serpongka','No telp 021 54200888'),(320,41,1,'2024-07-07 14:35:33','Muhamad Nur','3216130509920005','JAWA BARAT','KABUPATEN BEKASI','PEBAYURAN','KARANGHAUR','Bekasi','1992-09-05','none','SMA / SMK','SMA Tunas Bangsa','0037684','2010-04-26','Kp Teluk Haur Ds Karang Haur Kec Pebayuran Kab Bekasi','Muhamadn249@gmail.com','081617938727','Pt Jaya Kencana','Kontraktor Lift dan Escalator','Teknisi Mekanik','Jl. Salemba raya No.61, paseban, senen-Jakarta Pusat','021-3908501'),(321,41,1,'2024-07-07 14:35:33','Muhamad Nur','3216130509920005','JAWA BARAT','KABUPATEN BEKASI','PEBAYURAN','KARANGHAUR','Bekasi','1992-09-05','none','SMA / SMK','SMA Tunas Bangsa','0037684','2010-04-26','Kp Teluk Haur Ds Karang Haur Kec Pebayuran Kab Bekasi','Muhamadn249@gmail.com','081617938727','Pt Jaya Kencana','Kontraktor Lift dan Escalator','Teknisi Mekanik','Jl. Salemba raya No.61, paseban, senen-Jakarta Pusat','021-3908501'),(323,39,2,'2024-07-07 14:35:33','Paskal Hamonangan Tamba','3275051712930010','JAWA BARAT','KOTA BEKASI','RAWALUMBU','BOJONG RAWALUMBU','Jakarta','1993-12-17','B-','S1','Universitas Padjadjaran','019592','2019-10-23','Jl. Kevubung Raya, No 164, RT/RW 001/038','tambapaskal@gmail.com','0859 5175 4209','Pt Ansas Anugerah Utama','Mechanical, Electrical, Air Conditioning, and Civil Work','Supervisor Engineering','Jalan Raya Kalibata No. 10-F, RT. 002 / RW 007, Kel. Cililitan, Kec. Kramat Jati, Kota Administrasi Jakarta Timur, Provinsi DKI Jakarta','0813 1658 6399'),(324,41,1,'2024-07-07 14:35:33','BISSO EKO HARSANA ','3328102306040005','JAWA TENGAH','KABUPATEN TEGAL','SLAWI','SLAWI WETAN','TEGAL ','2004-06-23','none','SMA / SMK','SMK NEGERI 1 ADIWERNA ','0819709','2022-06-09','Jl.SERAYU RT 019/007 SLAWI WETAN,SLAWI','bissogrizzi@gmail.com','089661493256','Pt Jaya Kencana','Kontaktor ','Teknisi','Jln Salemba Raya no 61,Senen,Jakarta pusat ','(021) 390 8501'),(325,43,2,'2024-07-07 14:35:33','Edi Sukirno','3212142805960001','JAWA BARAT','KABUPATEN INDRAMAYU','BALONGAN','MAJAKERTA','Indramayu','1996-05-28','none','SMA / SMK','SMK Nasional Indramayu','0116437','2017-05-02','Blok 1 RT.02 RW.01','admin@ptamk.id','+6281389230434','Pt. Antara Mitra Kreasindo','Electrical Engineering','Worker','Cluster Mayflower IX-B/D6 Galuhmas RT.019 RW.006 Kab. Karawang, Jawa Barat - Indonesia','admin@ptamk.id'),(327,37,2,'2024-07-07 14:35:33','AHMAD TORIQ HASAN ZAKI MUMTAZI ','3318032705990001','DKI JAKARTA','KOTA JAKARTA TIMUR','CAKUNG','CAKUNG TIMUR','PATI','1999-05-27','Golongan Da','SMA / SMK','SMK TUNAS HARAPAN','0013174','2017-05-02','Kel. Cakung Barat Kec. Cakung Jakarta Timur. RT 002 RW 02','ahmadtoriq27051999@gmail.com','081288448355','Pt Kmi Wire And Cable, Tbk','Manufaktur','HD Dept Head','Jl. Raya Bekasi Km. 23,1, Cakung','lingga@kmi.co.id'),(328,42,2,'2024-07-07 14:35:33','Ferry Syaripudin','3174040702860009','LAMPUNG','KABUPATEN PRINGSEWU','PARDASUKA','Pilih Kelurahan','Jakarta','1986-02-07','AB+','SMA / SMK','Stm Penerbanangan Jakarta (SMKN 29 JAKARTA)','0053988','2005-09-03','Rt.01, Rw.001 No.01','ferry.syaripudin@synchrotech.co.id','082113111822','Contruction','Kontractor','Supervisor','Jl.Jend Sudirman Kav.3 Lt.8, Jakarta 10220','021-5724011'),(329,43,2,'2024-07-07 14:35:33','Subhan agung bachtiar','3172012810920004','DKI JAKARTA','KOTA JAKARTA UTARA','PENJARINGAN','Pilih Kelurahan','Kebumen','1992-10-28','AB+','SMA / SMK','SMKN 56 Jakarta','0007331','2010-04-26','Jl.Tanah Pasir Rt.020 Rw.007 No.20 Penjaringan Jakarta Utara 14440','subhanagungbachtiar@gmail.com','081260134112','Pt.graha Karya Inti','Property','Staff Engineering','Jl.Lemo Kec.Teluk Naga,Kabupaten Tangerang Banten,15510','02139738999'),(330,41,1,'2024-07-07 14:35:33','Hariyono','3578062406850001','JAWA TIMUR','KOTA SURABAYA','BULAK','BULAK','Surabaya','1985-06-24','none','SMA / SMK','SMK Antartika Surabaya','0293123','2004-07-10','Jl. Bogorami Makam 1-C/1, RT005, RW003','jaken.sby.maintenance@gmail.com','082293301548','Pt. Jaya Kencana','Jasa Konstruksi','Teknisi Lift Escalator','Jalan Rungkut Industri I No. 9 Surabaya','031-8421515'),(331,41,1,'2024-07-07 14:35:33','Muchammad Fahmi Khusaini','3517172505960001','JAWA TIMUR','KABUPATEN LAMONGAN','KEDUNGPRING','SIDOMLANGEAN','Jombang','1996-05-25','O+','SMA / SMK','SMKN 3 Jombang','0072151','2014-05-20','Sidomlangean RT.003, RW001 ','jaken.sby.maintenance@gmail.com','081230268212','Pt. Jaya Kencana','Jasa Konstruksi','Teknisi Lift Escalator','Jalan Rungkut Industri I No. 9 Surabaya','031-8421515'),(332,41,1,'2024-07-07 14:35:33','Ahmad Saugi','3174010203860005','DKI JAKARTA','KOTA JAKARTA TIMUR','PULO GADUNG','PISANGAN TIMUR','Jakarta','1986-03-02','O+','S1','Universitas Budi Luhur','1412143438','2014-09-30','Jl. Pisangan Lama III, No. 29a, RT.005/RW.011','ahmadsaugi1986@gmail.com','081289999211','Pt. Jaya Kencana','Kontraktor Lift dan Escalator','K3 Lift dan Escalator','Jl. Salemba Raya No. 61, Paseban, Senen - Jakarta Pusat','021-3908501/3908510'),(333,41,1,'2024-07-07 14:35:33','Idrus M. Zein','3174081002720004','DKI JAKARTA','KOTA JAKARTA SELATAN','PANCORAN','DUREN TIGA','Jakarta','1972-02-10','B-','S1','Universitas Surapati','0127','2002-11-07','Jl. PLN Duren Tiga No.77A Rt.006/04','m.idrus1002@gmail.com','085773179985','Pt. Jaya Kencana','Kontraktor','Safety Officer K3','Jl. Salemba Raya No.61 Jakarta Pusat','021 3908501'),(334,41,1,'2024-07-07 14:35:33','Hasyim Rahman Marasabessy','3175050108960006','DKI JAKARTA','KOTA JAKARTA SELATAN','KEBAYORAN LAMA','GROGOL UTARA','Jakarta','1996-08-01','O+','SMA / SMK','SMA Negeri 10 Kabupaten Tangerang','0018929','2014-05-20','Jl. Kemandoran V No. 2','hasyimrahmanmr@gmail.com','081384894140','Pt. Jaya Kencana','Kontraktor','Administrasi Proyek','Jl. Salemba Raya No. 61, Paseban, Senen - Jakarta Pusat','021-3908501/3908510'),(335,42,2,'2024-07-07 14:35:33','Akhrom','3318110507720013','JAWA TENGAH','KABUPATEN PATI','GABUS','GABUS','Pati','1972-07-05','O+','SMA / SMK','STM BTB Juwana','0054593','1991-05-31','Gabus rt 05/02','akhrom@synchrotech.co.id','085213389494','Pt.asahi Synchrotech Indonesia','Kontraktor','Supervisor','Wisma KEIA Lt.8 Jln.Jend.Sudirman Kav.3,Jakarta 10220','0215724011/021572341'),(336,41,1,'2024-07-07 14:35:33','OKTAVIANTO GILANG FAUZI','3505221110030001','JAWA TIMUR','KABUPATEN BLITAR','SELOPURO','POPOH','BLITAR','2003-10-11','none','SMA / SMK','SMK PGRI WLINGI','0900075','2022-06-06','DSN KEBONAGUNG RT 01/RW 07,DS POPOH,KEC SELOPURO,KAB BLITAR','gilangfauzi354@gmail.com','085733641500','Pt.jaya Kencana','KONTRAKTOR ELEVATOR & ESCALATOR','TEKNISI','Jl.Salemba raya,No.61 Jakarta Pusat','021-390-8510'),(337,41,1,'2024-07-07 14:35:33','SUGENG RIYADI','3302220207830002','JAWA TENGAH','KABUPATEN SEMARANG','UNGARAN BARAT','GOGIK','Banyumas','1983-07-02','O+','SMA / SMK','(PKBM) SUKSES BERKAH BERKARYA','0186057','2023-06-30','Perum. Argomulyo blok A23 Rt01/Re 010 ledok salatiga','hafizalfatih056@gmail.com','088806233259','Pt. Duta Kencana Jaya','Lift dan escalator','Teknisi','Jl. Taman Majapahit indah no7 pedurungan lor semarang','024-6711707'),(338,41,1,'2024-07-07 14:35:33','AKHIR RAMADHANI','3302212311030001','JAWA TENGAH','KABUPATEN BANYUMAS','PURWOKERTO TIMUR','KRANJI','BANYUMAS','2003-11-23','O+','SMA / SMK','SMK NEGERI 2 PURWOKERTO','0637402','2022-06-09','Des.Karanggintung Rt01/Rw02,ec.Sumbang, kab. Banyumas','akhirramdhanitei02@gmail.com','088801909024','Pt Jaya Kencana','ELEVATOR DAN ESCALATOR','Teknisi','Jl.Salemba Raya no.61, Jakarta Pusat','(021) 3908501'),(339,41,1,'2024-07-07 14:35:33','Erik Widodo','3514133003950001','JAWA TIMUR','KABUPATEN PASURUAN','BEJI','WONOKOYO','Blitar','1995-05-19','O-','SMA / SMK','SMK Negeri 1 Bangil','0143718','2014-05-20','Dusun Purwodadi RT 01/ RW 07','erikwidodo606@gmail.com','085648499181','Pt. Jaya Kencana','Jl. Rungkut Industri I No.9, Kendangsari, Kec. Tenggilis Mejoyo, Surabaya','Teknisi','Jasa Konstruksi','(031) 8421515'),(340,41,1,'2024-07-07 14:35:33','Rico Fabrian','6371031211000015','KALIMANTAN SELATAN','KOTA BANJARMASIN','BANJARMASIN BARAT','PELAMBUAN','Banjarmasin ','2000-11-12','A-','Pendidikan Terakhir','Smk Ypt Banjarmasin ','0795114','2018-05-03','Jl Bina Karya Simpang Jagung Rt.065 Rw 004','ricofabrian01@gmail.com','089647754647','Pt Jaya Kencana','Jasa Konstruksi ','Teknisi ','Jl Rungkut Industri 1 no.9 Surabaya ','031 8421515'),(341,41,1,'2024-07-07 14:35:33','KOMALUDIN','3201272006770010','JAWA BARAT','Pilih Kabupaten','Pilih Kecamatan','Pilih Kelurahan','Bogor','1977-06-20','Golongan Da','SMA / SMK','Pkbm As safarwadi','00036579','2018-06-07','Kp.muara RT 04/ RW 04.Desa muara jaya.','azzahrazahira13@gmail.com','083898614535','Pt. Jaya Kencana','Elevator dan Escalator','Tekhnisi','Jl. Salemba raya No.61. jakarta','Tel.021-390 8501 fax'),(342,41,1,'2024-07-07 14:35:33','Ragil Bayu Pamungkas ','3579011303040004','JAWA TIMUR','KOTA BATU','BATU','PESANGGRAHAN','Malang ','2004-03-13','none','SMA / SMK','SMKS PGRI 3 MALANG ','1101498','2022-06-06','Jl.Kamboja Atas No 3 Pesanggrahan ','rglbyupmgks@gmail.com','081515216152 ','Pt Jaya Kencana','Kontraktor Mekanik dan Elektronik','Teknisi','Jl. Salemba Raya No.61 Jakarta ','+62 213908501'),(344,41,1,'2024-07-07 14:35:33','KHASAN MUTHOHAR','3315160808990008','JAWA TENGAH','KABUPATEN GROBOGAN','GODONG','SAMBUNG','GROBOGAN','1999-08-08','none','SMA / SMK','SMK NEGERI 7 SEMARANG','0001877','2018-05-03','DUSUN SUMURGEDE RT 4 RW 1, DESA SUMURGEDE','khasan.muthohar@gmail.com','085641452514','Pt Duta Kencana Jaya','LIFT DAN ESCALATOR','TEKNISI','JL. TAMAN MAJAPAHIT INDAH RUKO NO 7, PEDURUNGAN LOR, PEDURUNGAN, KOTA SEMARANG','0246711707'),(346,41,1,'2024-07-07 14:35:33','Muhammad Abdulwasi Al Ghifari','3204101601040002','JAWA BARAT','KABUPATEN BANDUNG','MARGAASIH','NANJUNG','Garut','2004-01-16','none','SMA / SMK','SMKN 1 Cimahi ','0589452','2022-06-03','Jl terusan Nanjung, RT 04 RW 05, Desa Nanjung, Kec. Margaasih, Kan. Bandung','mabdulwasi16@gmail.com','081573756672','Pt Jaya Kencana','Mechanical and Electrical Contactor ','Teknisi','Jl Salemba Raya No 61','021 390 8501'),(347,41,1,'2024-07-07 14:35:33','Alhamdi rifai','3175042011010005','DKI JAKARTA','KOTA JAKARTA TIMUR','KRAMAT JATI','BALE KAMBANG','Jakarta','2001-11-20','none','SMA / SMK','SMK Adi luhur 2','0043657','2019-05-13','JL PUCUNG 2 No. 68 RT/RW 011/02 Balekambang Kramatjati','alhamdirifai366@gmail.com','0895605902537','Pt. Jaya Kencan','Kontraktor Mekanikal','Teknisi','Jl. Salemba Raya No.61, RT.2/RW.6, Paseban, Kec. Senen, Kota Jakarta Pusat, Daerah Khusus Ibukota Jakarta 10440',' (021) 3908501'),(348,41,1,'2024-07-07 14:35:33','Junaedi Adi Pratama ','3328130810990004','JAWA TENGAH','KABUPATEN TEGAL','ADIWERNA','ADIWERNA','Tegal','1999-10-08','O+','SMA / SMK','SMK N 1 ADWERNA','0042979','2017-05-02','Desa Sidakaton, RT02 RW07, Kec. Dukuhturi, Kab. Tegal ','Junaediadi99@gmail.com','087833456057','Pt Jaya Kencana','Contractor','Teknisi ','Jl. Salemba Raya No.61, RT02/RW06, Paseban, Kec. Senen, Kota Jakarta Pusat, Daerah Khusus Ibukota','(021) 3908501 '),(350,41,1,'2024-07-07 14:35:33','Ahmad Kholid','3315173005990003','JAWA TENGAH','KABUPATEN GROBOGAN','GUBUG','JATIPECARON','Grobogan','1999-05-30','none','SMA / SMK','SMK N 7 SEMARANG','0001789','2018-05-03','Polaman RT 2 RW 4','ahmadkholid30@gmail.com','085641420676','Pt. Duta Kencana Jaya','Lift Dan Escalator','Teknisi','Jalan Taman Majapahit Indah no 7-9 Semarang','dukenja@yahoo.com'),(351,38,2,'2024-07-07 14:35:33','Nadila Handayani Putri','1471076802020001','RIAU','KOTA PEKANBARU','BUKIT RAYA','AIR DINGIN','Pekanbaru','2002-02-28','none','S1','UIN Sultan Syarif Kasim Riau','552012023000806','2023-06-14','Jl. Ikhwan No.3','nadilahandyni@gmail.com','081919904684','Pt. Handayani Nusantara Sukses','Riksa Uji ','Tenaga Ahli','Jl. Sei Mintan ','handayaninusantarasu'),(352,38,2,'2024-07-07 14:35:33','Nadila Handayani Putri','1471076802020001','RIAU','KOTA PEKANBARU','BUKIT RAYA','AIR DINGIN','Pekanbaru','2002-02-28','none','S1','UIN Sultan Syarif Kasim Riau','552012023000806','2023-06-14','Jl. Ikhwan No.3','nadilahandyni@gmail.com','081919904684','Pt. Handayani Nusantara Sukses','Riksa Uji ','Tenaga Ahli','Jl. Sei Mintan ','handayaninusantarasu'),(353,38,2,'2024-07-07 14:35:33','Nadila Handayani Putri','1471076802020001','RIAU','KOTA PEKANBARU','BUKIT RAYA','AIR DINGIN','Pekanbaru','2002-02-28','none','S1','UIN Sultan Syarif Kasim Riau','552012023000806','2023-06-14','Jl. Ikhwan No.3','nadilahandyni@gmail.com','081919904684','Pt. Handayani Nusantara Sukses','Riksa Uji ','Tenaga Ahli','Jl. Sei Mintan ','handayaninusantarasu'),(354,41,1,'2024-07-07 14:35:33','Jaenal Abidin','3201260205820005','JAWA BARAT','KABUPATEN BOGOR','Pilih Kecamatan','Pilih Kelurahan','Bogor','1982-05-09','none','SMA / SMK','MA AL-AZIZIYYAH CARINGIN','10009582','2001-06-26','Kp.Paragajen Rt01/Rw06,cibeureum,cisarua Bogor Jawa barat','jaenal02051982@gmail.com','083879676944','Pt Jaya Kencana','ELEVATOR DAN ESCALATOR','Teknisi','Jl.salemba raya no.61, jakarta pusat','(021)3908501'),(355,43,2,'2024-07-07 14:35:33','ANGGA SUGARA','3208073101980005','JAWA BARAT','KABUPATEN KUNINGAN','LEBAKWANGI','LANGSEB','KUNINGAN','1998-01-31','B-','SMA / SMK','SMK Auto Matsuda','0083987','2017-05-02','DUSUN MANIS','sugaraangga55@gmail.com','0896-6170-0840','Pt. Sinar Karya Sejahtera','Chemical Cleaning','Supervisor','Jalan Kapuk Raya Ruko Gg Sinar No.1, Rt.006/002, Kel. Kapuk, Kec. Cengkareng, Jakarta Barat 11720','021 5437 1111 / 021 '),(356,43,2,'2024-07-07 14:35:33','ANGGA SUGARA','3208073101980005','JAWA BARAT','KABUPATEN KUNINGAN','LEBAKWANGI','LANGSEB','KUNINGAN','1998-01-31','B-','SMA / SMK','SMK Auto Matsuda','0083987','2017-05-02','DUSUN MANIS','sugaraangga55@gmail.com','0896-6170-0840','Pt. Sinar Karya Sejahtera','Chemical Cleaning','Supervisor','Jalan Kapuk Raya Ruko Gg Sinar No.1, Rt.006/002, Kel. Kapuk, Kec. Cengkareng, Jakarta Barat 11720','021 5437 1111 / 021 '),(357,43,2,'2024-07-07 14:35:33','HERMAWAN PEBRIANTO','3216120302830002','JAWA BARAT','KABUPATEN BEKASI','KEDUNGWARINGIN','KEDUNGWARINGIN','JAKARTA','1983-02-03','B-','SMA / SMK','SMK JAYA BEKA Karawang','0134487','2002-06-17','KP KEDUNG GEDE','hermawanfebrianto82@gmail.com','0821-1264-2756','Pt. Sinar Karya Sejahtera','Chemical Cleaning','Supervisor','Jalan Kapuk Raya Ruko Gg Sinar No.1, Rt.006/002, Kel. Kapuk, Kec. Cengkareng, Jakarta Barat 11720','021 5437 1111 / 021 '),(359,41,1,'2024-07-07 14:35:33','ALIF FAIZAL MAULANA','3308101403040002','JAWA TENGAH','KABUPATEN MAGELANG','MERTOYUDAN','JOGONEGORO','Magelang','2004-03-14','none','SMA / SMK','SMK N 1 MAGELANG','0848534','2022-06-09','Jl. Rudal K.05 RT 05 RW 10','faizalalif33@gmail.com','085727441442','Pt. Jaya Kencana','Kontraktor','Teknisi','Jl. Salemba Raya 61,Jakarta ','(021) 3908501'),(360,41,1,'2024-07-07 14:35:33','Heri sunanto','3201281007800007','JAWA BARAT','KABUPATEN BOGOR','Pilih Kecamatan','Pilih Kelurahan','Bogor','1980-07-10','none','SMA / SMK','Smu negri cijeruk','020002563','2000-06-22','Kp. Legok Andong RT 001 RW 003','herrysunanto245@gmail.com','085960178477','Pt. Jaya Kencana','Jasa mekanikal','Teknisi','Jl. Salemba Raya no 61 Jakarta pusat ','0213908501'),(361,43,2,'2024-07-07 14:35:33','Busro','3207171005870005','JAWA TENGAH','KABUPATEN BANYUMAS','KEBASEN','CINDAGA','Ciamis','1987-05-10','O+','SMA / SMK','Tamtama 2','0156915','2006-06-19','Cindaga, Rt 04/Rw07,kel cindaga ,kec kebasen kab banyumas','busrosarif@gmail.com','0819-1181-6121','Pt. Graha Karya Inti','Property Management','Staff','Jl. Otto Iskandar Dinata PIK-2 POM Tokyo Riverside Apartment Lt P1','39738999'),(362,43,2,'2024-07-07 14:35:33','Busro','3207171005870005','JAWA TENGAH','KABUPATEN BANYUMAS','KEBASEN','CINDAGA','Ciamis','1987-05-10','O+','SMA / SMK','Tamtama 2','0156915','2006-06-19','Cindaga, Rt 04/Rw07,kel cindaga ,kec kebasen kab banyumas','busrosarif@gmail.com','0819-1181-6121','Pt. Graha Karya Inti','Property Management','Staff','Jl. Otto Iskandar Dinata PIK-2 POM Tokyo Riverside Apartment Lt P1','39738999'),(364,41,1,'2024-07-07 14:35:33','Hanaka Ardiswara','3175082209991001','DKI JAKARTA','KOTA JAKARTA TIMUR','MAKASAR','KEBON PALA','Jakarta ','1999-09-22','none','SMA / SMK','SMK ANGKASA 1','0030454','2017-05-02','Jl jengki No. 53','ardiswara7@gmail.com','087716304555','Pt Jaya Kencana','Jasa','Teknisi','Jl. Salemba Raya 61','62213908501'),(365,43,2,'2024-07-07 14:35:33','MUCHAYAT','3325022205860003','JAWA TENGAH','KABUPATEN BATANG','BANDAR','BANDAR','BATANG','1986-05-22','AB+','SMA / SMK','SMA 1 NEGRI BANDAR','0166666','2006-06-19','PERUM ABDI NEGARA RESIDENCE BLOK H21 RT 002 RW 030 KEL MUKTIWARI KEC. CIBITUNG','wahyu@centennial-tower.com','085220590045','Pt. Cakra Nusa Utama','Konsultan Perdagangan, Manajemen Keuangan dan Investasi','Teknisi','Centennial Tower, Lantai 6  Jl. Gatot Subroto Kav. 24 & 25, Jakarta 12930','T +(62 21) 2295 8888'),(368,41,1,'2024-07-07 14:35:33','Safrudin Setiawan','3578101709880003','JAWA TIMUR','KOTA SURABAYA','TAMBAKSARI','KAPASMADYA BARU','Surabaya','1988-09-17','none','SMA / SMK','SMK St. Louis Surabaya','0291304','2007-06-12','Jl. Kapas Baru Gg 3 no 25','jaken.sby.maintenance@gmail.com','085730290069','Pt. Jaya Kencana','Jasa Konstruksi','Teknisi Lift Escalator','Jalan Rungkut Industri I No. 9 Surabaya','031-8421515'),(369,41,1,'2024-07-07 14:35:33','SULAEMAN','3201380907790002','JAWA BARAT','KABUPATEN BOGOR','Pilih Kecamatan','Pilih Kelurahan','BOGOR','1979-07-09','O+','SMA / SMK','PKKBM AS SAFARDI','00038452','2018-06-07','Kp. Selaawi ','sulaemanaja659@gmail.com','088212447919','Pt. Jaya Kencana','KONTRAKTOR LIFT ESCALATOR','TEKNISI LIFT','JL. SALEMBA RAYA 61','0213908501'),(372,41,1,'2024-07-07 14:35:33','SOLEHUDIN RIZAL','3175070406910005','DKI JAKARTA','KOTA JAKARTA TIMUR','DUREN SAWIT','PONDOK KOPI','JAKARTA','1991-06-04','AB+','SMA / SMK','SMK JAKARTA 1','0044793','2011-05-16','Jl.Kp.Rawadas RT 001/RW 03 no. 82B','rizaldhika95@gmail.com','08971552613','Pt.jaya Kencana','ELEVATOR-ESCALATOR','TEKNISI','Jl.SALEMBA RAYA NO.61','0213908501'),(373,41,1,'2024-07-07 14:35:33','SOLEHUDIN RIZAL','3175070406910005','DKI JAKARTA','KOTA JAKARTA TIMUR','DUREN SAWIT','PONDOK KOPI','JAKARTA','1991-06-04','AB+','SMA / SMK','SMK JAKARTA 1','0044793','2011-05-16','Jl.Kp.Rawadas RT 001/RW 03 no. 82B','rizaldhika95@gmail.com','08971552613','Pt.jaya Kencana','ELEVATOR-ESCALATOR','TEKNISI','Jl.SALEMBA RAYA NO.61','0213908501'),(374,41,1,'2024-07-07 14:35:33','SOLEHUDIN RIZAL','3175070406910005','DKI JAKARTA','KOTA JAKARTA TIMUR','DUREN SAWIT','PONDOK KOPI','JAKARTA','1991-06-04','AB+','SMA / SMK','SMK JAKARTA 1','0044793','2011-05-16','Jl.Kp.Rawadas RT 001/RW 03 no. 82B','rizaldhika95@gmail.com','08971552613','Pt.jaya Kencana','ELEVATOR-ESCALATOR','TEKNISI','Jl.SALEMBA RAYA NO.61','0213908501'),(375,41,1,'2024-07-07 14:35:33','SOLEHUDIN RIZAL','3175070406910005','DKI JAKARTA','KOTA JAKARTA TIMUR','DUREN SAWIT','PONDOK KOPI','JAKARTA','1991-06-04','AB+','SMA / SMK','SMK JAKARTA 1','0044793','2011-05-16','Jl.Kp.Rawadas RT 001/RW 03 no. 82B','rizaldhika95@gmail.com','08971552613','Pt.jaya Kencana','ELEVATOR-ESCALATOR','TEKNISI','Jl.SALEMBA RAYA NO.61','0213908501'),(376,41,1,'2024-07-07 14:35:33','SOLEHUDIN RIZAL','3175070406910005','DKI JAKARTA','KOTA JAKARTA TIMUR','DUREN SAWIT','PONDOK KOPI','JAKARTA','1991-06-04','AB+','SMA / SMK','SMK JAKARTA 1','0044793','2011-05-16','Jl.Kp.Rawadas RT 001/RW 03 no. 82B','rizaldhika95@gmail.com','08971552613','Pt.jaya Kencana','ELEVATOR-ESCALATOR','TEKNISI','Jl.SALEMBA RAYA NO.61','0213908501'),(378,41,1,'2024-07-07 14:35:33','SOLEHUDIN RIZAL','3175070406910005','DKI JAKARTA','KOTA JAKARTA TIMUR','DUREN SAWIT','PONDOK KOPI','JAKARTA','1991-06-04','AB+','SMA / SMK','SMK JAKARTA 1','0044793','2011-05-16','Jl.Kp.Rawadas RT 001/RW 03 no. 82B','rizaldhika95@gmail.com','08971552613','Pt.jaya Kencana','ELEVATOR-ESCALATOR','TEKNISI','Jl.SALEMBA RAYA NO.61','0213908501'),(379,41,1,'2024-07-07 14:35:33','SULAEMAN','3201380907790002','JAWA BARAT','KABUPATEN BOGOR','Pilih Kecamatan','Pilih Kelurahan','BOGOR','1979-07-09','O+','SMA / SMK','PKKBM AS SAFARDI','00038452','2018-06-07','Kp. Selaawi ','sulaemanaja659@gmail.com','088212447919','Pt. Jaya Kencana','KONTRAKTOR LIFT ESCALATOR','TEKNISI LIFT','JL. SALEMBA RAYA 61','0213908501'),(395,41,1,'2024-07-07 14:35:33','Bagus Kurniawan','3578171905870005','JAWA TIMUR','KOTA SURABAYA','KENJERAN','TAMBAK WEDI','Surabaya','1987-05-19','none','SMA / SMK','SMA YP 17 Surabaya','0244220','2005-06-30','Jl. Tambak Wedi Baru 1/5','jaken.sby.maintenance@gmail.com','081553959798','Pt. Jaya Kencana','Jasa Konstruksi','Teknisi Lift Escalator','Jalan Rungkut Industri I No. 9','031-8421515'),(396,41,1,'2024-07-07 14:35:33','Ahmad Ahyanuddin','3372012010960001','JAWA TENGAH','KOTA SURAKARTA','LAWEYAN','Pilih Kelurahan','Surakarta','1996-10-20','A+','D3','Politeknik Pratama Mulia','204012019000020','2019-11-04','Baron Cilik RT001/RW007','new.bengong92@gmail.com','0895422861876','Pt. Duta Kencana Jaya','Lift Escalator','Teknisi','Jl. Taman Majapahit Indah, Ruko No. 7, Semarang','0246711707'),(398,41,1,'2024-07-07 14:35:33','Bagus Prayogi','3524120710930002','JAWA TIMUR','KABUPATEN LAMONGAN','SUGIO','KEDUNGBANJAR','Surabaya','1993-10-07','none','SMA / SMK','SMKN 2 Lamongan','0083105','2012-05-26','Kedung Banjar RT 003/001','jaken.sby.maintenance@gmail.com','085791347640','Pt. Jaya Kencana','Jasa Konstruksi','Teknisi Lift Escalator','Jalan Rungkut Industri I No. 9 Surabaya','031-8421515'),(399,42,2,'2024-07-07 14:35:33','Febri Ardiansa','3175090102930005','DKI JAKARTA','KOTA JAKARTA TIMUR','CIRACAS','CIRACAS','Jakarta','1993-02-01','none','S1','Universitas Jayabaya','2820310670112016','2016-08-30','Jl. Tanah Merdeka VII 04/06 No 72','ardiansyahfebri.ofc@gmail.com','082298607617','Pt. Angkasa Pura Ii','Jasa Bandar Udara','Terminal Building Supervisor','Terminal 3 Bandara Soekarno Hatta','bangunant3@gmail.com'),(400,41,1,'2024-07-07 14:35:33','Ristiawan','3578282802840001','JAWA TIMUR','KOTA SURABAYA','ASEMROWO','ASEMROWO','Surabaya','1984-02-28','none','SMA / SMK','SMK Bubutan Surabaya','0319476','2002-06-17','Jl. Tambak Pring Timur VI no. 31','jaken.sby.maintenance@gmail.com','081252257743','Pt. Jaya Kencana','Jasa Konstruksi','Teknisi Lift Escalator','Jalan Rungkut Industri I No. 9, Surabaya','031-8421515'),(401,42,2,'2024-07-07 14:35:33','Sugiyanto','3175060503770021','SULAWESI TENGGARA','KOTA KENDARI','MANDONGA','MANDONGA','Purworejo','1977-03-05','none','SMA / SMK','SMK N 2 Kendari','168','1997-02-15','Kampung Kramat RT/RW 009/005 Cililitan Kramat Jati Jakarta Timur','-','+62 813-8803-0305','Pt. Mitsubishi Jaya Elevator And Escalator','Contractor Lift','Supervisor','Gedung Jaya 10th Floor Jl. MH Thamrin No.12, Jakarta Pusat 10340','+62.21.31928100 '),(402,42,2,'2024-07-07 14:35:33','Fransiscus Isjuanda Pinem','1271071507920001','BANTEN','KABUPATEN TANGERANG','RAJEG','MEKARSARI','COT GIREK','1992-07-15','A-','S1','Universitas Sumatera Utara','13461521412015','2015-08-05','Perumahan Kota Sutera Cluster Blossomville ','fransiscus.pinem22@gmail.com','081269001577','Pt Angkasa Pura Ii','Pelayanan jasa kebandarudaraan dan pelayanan jasa terkait bandar udara.','Supervisor Terminal Building T3','Soekarno-Hatta International Airport Building, RT.001/RW.010, 600, Pajang, Kec. Benda, Kota Tangerang, Banten 15126','contact.center@angka'),(403,42,2,'2024-07-07 14:35:33','Fransiscus Isjuanda Pinem','1271071507920001','BANTEN','KABUPATEN TANGERANG','RAJEG','MEKARSARI','COT GIREK','1992-07-15','A-','S1','Universitas Sumatera Utara','13461521412015','2015-08-05','Perumahan Kota Sutera Cluster Blossomville ','fransiscus.pinem22@gmail.com','081269001577','Pt Angkasa Pura Ii','Pelayanan jasa kebandarudaraan dan pelayanan jasa terkait bandar udara.','Supervisor Terminal Building T3','Soekarno-Hatta International Airport Building, RT.001/RW.010, 600, Pajang, Kec. Benda, Kota Tangerang, Banten 15126','contact.center@angka'),(404,43,2,'2024-07-07 14:35:33','Muslihudin','3275050706920011','JAWA BARAT','KOTA BEKASI','RAWALUMBU','PENGASINAN','Kebumen','1992-06-30','Golongan Da','SMA / SMK','SMK bina karya mandiri','101110231','2013-05-24','Jl. Bekasi asri no5','muslihfelicia26@gmail.com','085780588399','Pt. Denki Engineering','Mekanikal electrikal','Semi tukang B','Pt denki engineering Jl jendral sudirman km.32 no 18A Kayuringin jaya bekasi selatan','0218850852'),(405,41,1,'2024-07-07 14:35:33','Arif darmawan','3574051404010005','JAWA TIMUR','KOTA PROBOLINGGO','KEDOPOK','KEDOPOK','probolinggo','2001-04-14','Golongan Da','SMA / SMK','Smkn 2 Kota probolinggo','1013209','2023-05-02','Jl. Meln RT 05 RW 01','darif3217@gmail.com','081230492254','Pt. Jaya Kencana','Jasa','Teknisi','Salemba raya 61','+62213908501'),(406,43,2,'2024-07-07 14:35:33','Muslihudin','3275050706920011','JAWA BARAT','KOTA BEKASI','RAWALUMBU','PENGASINAN','Kebumen','1992-06-30','Golongan Da','SMA / SMK','SMK bina karya mandiri','101110231','2013-05-24','Jl. Bekasi asri no5','muslihfelicia26@gmail.com','085780588399','Pt. Denki Engineering','Mekanikal electrikal','Semi tukang B','Pt denki engineering Jl jendral sudirman km.32 no 18A Kayuringin jaya bekasi selatan','0218850852'),(407,41,1,'2024-07-07 14:35:33','Muhamad Faisal','3277011712030005','JAWA BARAT','KOTA CIMAHI','CIMAHI SELATAN','UTAMA','Bandung','2003-12-17','none','SMA / SMK','SMKN 1 CIMAHI','0589485','2022-06-04','Kp lembur sawah rt 07 rw 12','mf171223@gmail.com','089512124558(WA)','Pt Jaya Kencana','Kontraktor lift dan escalator','Teknisi','Singosari Kav F no.37, Melong, Cimahi Selatan, Cimahi City, West Java 40534','0226034706'),(587,42,2,'2024-07-07 14:35:33','Sadar supriatna','3211060311950002','JAWA BARAT','KABUPATEN SUMEDANG','SUMEDANG UTARA','KOTAKALER','Sumedang','1995-11-03','A-','SMA / SMK','SMK N siruraja','0188011','2012-05-26','Tanggerang legok teratai gria asri','endutsadar421@gmail.com','081524263119','Pt Angkasa Pura Solusi','Bandara ','Senior teknisi','Terminal 3 Soekarno-Hatta ','02139508311'),(588,42,2,'2024-07-07 14:35:33','Sadar supriatna','3211060311950002','JAWA BARAT','KABUPATEN SUMEDANG','SUMEDANG UTARA','KOTAKALER','Sumedang','1995-11-03','A-','SMA / SMK','SMK N siruraja','0188011','2012-05-26','Tanggerang legok teratai gria asri','endutsadar421@gmail.com','081524263119','Pt Angkasa Pura Solusi','Bandara ','Senior teknisi','Terminal 3 Soekarno-Hatta ','02139508311'),(589,42,2,'2024-07-07 14:35:33','Sadar supriatna','3211060311950002','JAWA BARAT','KABUPATEN SUMEDANG','SUMEDANG UTARA','KOTAKALER','Sumedang','1995-11-03','A-','SMA / SMK','SMK N siruraja','0188011','2012-05-26','Tanggerang legok teratai gria asri','endutsadar421@gmail.com','081524263119','Pt Angkasa Pura Solusi','Bandara ','Senior teknisi','Terminal 3 Soekarno-Hatta ','02139508311'),(590,38,2,'2024-07-07 14:35:33','Ikhsanul Islah Purwo Wicaksono','3275033005980007','JAWA BARAT','KOTA BEKASI','BEKASI UTARA','KALIABANG TENGAH','Jakarta','1998-05-30','O-','S1','Politeknik Negeri Jakarta','363042020000078','2020-10-30','Pondok Ungu Permai Blok A8 No.38','ikhsanislah@lmengineering.co.id','085286846427','Pt. Lingga Mekar Engineering','Konstruksi MEP','Electrical Engineer','Pondok Ungu Permai Blok A8 No.38','02182615657'),(591,37,2,'2024-07-07 14:35:33','Nananng wibowo','3201061507850017','JAWA BARAT','KABUPATEN BOGOR','Pilih Kecamatan','Pilih Kelurahan','tugupapak','1985-07-15','O+','Pendidikan Terakhir','SMKN','420','2005-03-21','PERUM GBJ 2 BLOK D2/08 RT 03/032 DS,TLAJUNG UDIK KC, GUNUNG PUTRI KAB BOGOR','Nanangwbw@gmail.com','082111067726','Pt. Vaksindo Satwa Nusantara','MANUFAKTUR','CHIEF SECURITY','JLN BAROKAH WANAHERANG KC, GUNUNG PUTRI','0218670414'),(592,37,2,'2024-07-07 14:35:33','Hendra Karmawan','3273021110970015','JAWA BARAT','KOTA BANDUNG','COBLONG','SADANG SERANG','Bandung','1997-10-11','AB-','SMA / SMK','SMK UT PGII','0017020','2015-05-15','PasirKaliki Tengah No 177A','hendra97k@gmail.com','081395098646','Pt. Wiraky Nusa Telekomunikasi','Telecommunication Power System','Staff Qc','Jl. Nanjung No.173','+62 22 8606 0179'),(593,37,2,'2024-07-07 14:35:33','Isan Nur Muhammad','3273081909960002','JAWA BARAT','KOTA BANDUNG','CIDADAP','HEGARMANAH','Bandung','1996-09-19','A+','S1','','0908','2018-07-23','Jl. Ciumbuleuit No.49/155c Gg. Rahayu II RT05/02','muhammadisan98@gmail.com','085724424334','Pt. Wiraky Nusa Telekomunikasi','Telecommunication Power Systems','Staff Logistik','Jl. Nanjung No.173, Utama, Kec. Cimahi Sel., Kota Cimahi, Jawa Barat 40533','(022) 86060179'),(594,37,2,'2024-07-07 14:35:33','Tedi Suherman','3204130105780016','JAWA BARAT','KOTA BANDUNG','PANYILEUKAN','CIPADUNG KULON','Cianjut','1979-05-01','O-','SMA / SMK','','1222','1997-05-01','Kp. Bumiasih Rt.001 Rw.012','tediwalet@gmail.com','081313752111','Pt. Akurasi Kontruksi Indonesia','Pabrikasi Tower','Teknisi','Jl. AH Nasution No 236 Bandung','02263762104'),(595,37,2,'2024-07-07 14:35:33','Zakly Mufid Faisal','3204131403010002','JAWA BARAT','KOTA BANDUNG','BANDUNG KULON','Pilih Kelurahan','Bandung','2001-03-14','A-','SMA / SMK','SMK Pasundan 2 Banjaran','0106264','2019-05-13','Kp. Cipicung Kp. Manggahang Baleendah RT.001 Rw.003 Baleendah Bandung','zaklymufidf4@gmail.com','081572368840','Pt. Akurasi Kontruksi Indonesia','Pabrikasi Tower','Teknisi','Jl. AH Nasution No 236 Bandung','02263762104'),(596,39,2,'2024-07-07 14:35:33','Ovy Meliyandika','5208041210990001','NUSA TENGGARA BARAT','KABUPATEN LOMBOK UTARA','BAYAN','LOLOAN','Loloan','1999-11-12','none','S1','Universitas Mataram','202012023000680','2023-03-02','Dusun Loloan, RT/RW 001/000 Kec. Bayan Kab. Lombok Utara NTB','pt.cumpmataram@yahoo.co.id','+62 878 55081302','Pt. Citra Usaha Mandiri Perkasa','General Contractor & Supplier','Penanggung Jawab Teknik','JL. ENERGI NO. 5, RT. 001, RW. 01, Kel. Banjar, Kec. Ampenan, Kota Mataram, Prov. Nusa Tenggara Barat','JL. ENERGI NO. 5, RT'),(597,39,2,'2024-07-07 14:35:33','I Made Susanta','5103060502840006','BALI','KABUPATEN BADUNG','KUTA UTARA','KEROBOKAN','Badung','1984-02-05','O+','D3','Politeknik Negeri Bali','5431','2004-10-14','Jalan Banjar Padang Kerobokan','madesusanta@gmail.com','081805315085','Pt. Mulia Graha Tata Lestari','Perhotelan','Deputy Chief Engineering','Jl. Raya Sawangan Nusa Dua','made.susanta@themuli'),(598,39,2,'2024-07-07 14:35:33','Muhammad Fauzi Syahputra Harahap','1205171305940003','SUMATERA UTARA','KABUPATEN LANGKAT','SEI LEPAN','ALUR DUA','P. Brandan','1994-05-13','A+','S1','Universitas Muhammadiyah Sumatera Utara','53472','2018-10-20','Jl piturah gg randen pangkalan brandan','mhdfauzi590@gmail.com','082160612044','Pt. Rap Jaya Sentosa','Kotraktor','Karyawan','JL. Wonosari Lingk. XI Kelurahan Perdamaian,Stabat Kab.Langkat, Sumatera Utara','085261554041/ ptrapj'),(599,39,2,'2024-07-07 14:35:33','Muhammad Fauzi Syahputra Harahap','1205171305940003','SUMATERA UTARA','KABUPATEN LANGKAT','SEI LEPAN','ALUR DUA','P. Brandan','1994-05-13','A+','S1','Universitas Muhammadiyah Sumatera Utara','53472','2018-10-20','Jl piturah gg randen pangkalan brandan','mhdfauzi590@gmail.com','082160612044','Pt. Rap Jaya Sentosa','Kotraktor','Karyawan','JL. Wonosari Lingk. XI Kelurahan Perdamaian,Stabat Kab.Langkat, Sumatera Utara','085261554041/ ptrapj'),(600,43,2,'2024-07-07 14:35:33','Aris Munandar ','3175033110900004','DKI JAKARTA','KOTA JAKARTA TIMUR','DUREN SAWIT','MALAKA JAYA','Jakarta ','1990-10-31','O+','SMA / SMK','SMK mitra kencana','0039687','2008-06-14','Perumahan grand permata resident blok M2 /16 Bekasi utara','naylaibrahim82@gmail.com','087854207750','Properti','Properti ','Engineering staff','JI. Lingkar Luar Barat, Puri Mansion Apartmen Kel. Duri Kosambi, Kec. Cengkareng, Kota Jakarta Barat. DKI Jakarta 11610, Indonesia','021 22559119'),(601,43,2,'2024-07-07 14:35:33','Lana nur rohman','3578060808970003','JAWA TIMUR','KOTA MOJOKERTO','MAGERSARI','MAGERSARI','Surabaya ','1997-08-08','O-','SMA / SMK','Smk negeri 1 kota mojokerto ','0072810','2017-05-02','Ban','lana.sigaptek@gmail.com','085850001513','Pt Gansar Jaya','Kontraktor ','Worker','Jl sekar putih no 470','0321381802'),(602,43,2,'2024-07-07 14:35:33','Lana nur rohman ','3578060808970003','JAWA TIMUR','KOTA MOJOKERTO','MAGERSARI','MAGERSARI','Surabaya ','1997-08-08','O-','SMA / SMK','Smk negeri 1 kota mojokerto ','0072810','2017-05-02','Banyu urip kidul 2 molin 1 no 19','lana.sigaptek@gmail.com','085850001513','Pt Gansar Jaya','Kontraktor ','Worker','Jl sekar putih no 470','0321381802'),(603,37,2,'2024-07-07 14:35:33','Anjar Ningtias','3275094402930004','JAWA BARAT','KOTA BEKASI','JATIASIH','JATIASIH','Jakarta','1993-02-04','Golongan Da','S1','','037921','0000-00-00','Jl. Durian II Blok A No. 3 RT 005 RW 010, Kebantenan','anjar.ningtias@gmail.com','082298425242','Pt Stt Gdc Indonesia','Data Centre','DCAS Leas','Greenland International Industrial Center (GIIC) Blok EA No 1, Pasirranji, Cikarang Pusat, Bekasi, Jawa Barat','021 - 3971 5858'),(604,43,2,'2024-07-07 14:35:33','Sivaul abidin','3576022502030001','JAWA TIMUR','KOTA MOJOKERTO','MAGERSARI','MAGERSARI','Mojokerto','2003-02-25','none','SMA / SMK','SMK taman Siswa kota mojokerto','0944179','2021-06-04','Lingk. Randegan, RT 003 RW 001, Kel. Kerudung, Kec. Magersari, Kota Mojokerto','sivaulabidin2003@gmail.com','081615650641','Pt Gansar Jaya','General kontraktor electrical','Worker','Jln. Sekar putih no 470, kota Mojokerto','0321381802'),(605,43,2,'2024-07-07 14:35:33','Sivaul abidin','3576022502030001','JAWA TIMUR','KOTA MOJOKERTO','MAGERSARI','MAGERSARI','Mojokerto','2003-02-25','none','SMA / SMK','SMK taman Siswa kota mojokerto','0944179','2021-06-04','Lingk. Randegan, RT 003 RW 001, Kel. Kerudung, Kec. Magersari, Kota Mojokerto','sivaulabidin2003@gmail.com','081615650641','Pt Gansar Jaya','General kontraktor electrical','Worker','Jln. Sekar putih no 470, kota Mojokerto','0321381802'),(606,43,2,'2024-07-07 14:35:33','Sivaul abidin','3576022502030001','JAWA TIMUR','KOTA MOJOKERTO','MAGERSARI','MAGERSARI','Mojokerto','2003-02-25','none','SMA / SMK','SMK taman Siswa kota mojokerto','0944179','2021-06-04','Lingk. Randegan, RT 003 RW 001, Kel. Kerudung, Kec. Magersari, Kota Mojokerto','sivaulabidin2003@gmail.com','081615650641','Pt Gansar Jaya','General kontraktor electrical','Worker','Jln. Sekar putih no 470, kota Mojokerto','0321381802'),(607,43,2,'2024-07-07 14:35:33','Sivaul abidin','3576022502030001','JAWA TIMUR','KOTA MOJOKERTO','MAGERSARI','MAGERSARI','Mojokerto','2003-02-25','none','SMA / SMK','SMK taman Siswa kota mojokerto','0944179','2021-06-04','Lingk. Randegan, RT 003 RW 001, Kel. Kerudung, Kec. Magersari, Kota Mojokerto','sivaulabidin2003@gmail.com','081615650641','Pt Gansar Jaya','General kontraktor electrical','Worker','Jln. Sekar putih no 470, kota Mojokerto','0321381802'),(608,37,2,'2024-07-07 14:35:33','Helmi Ruslan','3276100109930002','JAWA BARAT','KABUPATEN BOGOR','Pilih Kecamatan','Pilih Kelurahan','Tasikmalaya','1993-09-01','B-','S1','Universitas Mercu Buana','2477','2019-02-28','Perumahan Griya Cibinong Permai Blok F25','helmi.rsl@outlook.com','082110836791','Pt Stt Gdc Indonesia','Data centre','Site Operation','Greenland International Industrial Center (GIIC) Blok EA No 1, Pasirranji, Cikarang Pusat, Bekasi, Jawa Barat','021 - 3971 5858'),(609,37,2,'2024-07-07 14:35:33','Arya Satya Amano','3674062907920008','DKI JAKARTA','KOTA JAKARTA SELATAN','PANCORAN','KALIBATA','Surabaya ','1992-07-29','O+','S1','Institut Tehnologi Sepuluh Nopember','50056','2014-08-24','Jl. H samali no 74 Kalibata Jakarta Selatan ','amano.arya@outlook.com','081295901753','Pt Stt Gdc Indonesia','Data Center','Lead','Greenland International Industrial Center (GIIC) Blok EA No 1, Pasirranji, Cikarang Pusat, Bekasi, Jawa Barat','021 - 3971 5858'),(610,37,2,'2024-07-07 14:35:33','Agusyadi Iwan Sandana','3201011903810004','JAWA BARAT','KOTA DEPOK','CIMANGGIS','HARJAMUKTI','Jember','1981-03-19','O+','S1','ITS','23294','2003-02-14','TerasBali Premier A5','agusyadi.iwan@sttelemediagdc.co.id','08121744396','Pt Stt Gdc Indonesia','Data Center','Technical Service Manager','Greenland International Industrial Center (GIIC) Blok EA No 1, Pasirranji, Cikarang Pusat, Bekasi, Jawa Barat','02139715858'),(611,43,2,'2024-07-07 14:35:33','Sivaul abidin','3578060808970003','JAWA TIMUR','KOTA MOJOKERTO','MAGERSARI','MAGERSARI','Mojokerto ','2003-02-25','Golongan Da','SMA / SMK','Smk Taman siswa mojokerto ','0944179','2021-06-04','Lingk. Randegan, RT 003 RW 001, Kel. Kedundung, Kec. Magersari, Kota Mojokerto','sivaulabidin2003@gmail.com','081615650641','Pt Gansar Jaya','Kontraktor ','Worker','Jl sekar putih no 470','0321381802'),(612,43,2,'2024-07-07 14:35:33','Lana Nur','3578060808970003','JAWA TIMUR','KOTA SURABAYA','SAWAHAN','BANYU URIP','Surabaya ','1997-08-08','O-','SMA / SMK','Smk negeri 1 kota mojokerto ','0072810','2017-05-02','Banyu urip kidul 2 molin 1 no 19','lana.sigaptek@gmail.com','085850001513','Pt Gansar Jaya','Kontraktor ','Worker','Jl sekar putih no 470','0321381802'),(613,43,2,'2024-07-07 14:35:33','Lana Nur','3578060808970003','JAWA TIMUR','KOTA SURABAYA','SAWAHAN','BANYU URIP','Surabaya ','1997-08-08','O-','SMA / SMK','Smk negeri 1 kota mojokerto ','0072810','2017-05-02','Banyu urip kidul 2 molin 1 no 19','lana.sigaptek@gmail.com','085850001513','Pt Gansar Jaya','Kontraktor ','Worker','Jl sekar putih no 470','0321381802'),(614,43,2,'2024-07-07 14:35:33','Lana Nur','3578060808970003','JAWA TIMUR','KOTA SURABAYA','SAWAHAN','BANYU URIP','Surabaya ','1997-08-08','O-','SMA / SMK','Smk negeri 1 kota mojokerto ','0072810','2017-05-02','Banyu urip kidul 2 molin 1 no 19','lana.sigaptek@gmail.com','085850001513','Pt Gansar Jaya','Kontraktor ','Worker','Jl sekar putih no 470','0321381802'),(615,39,2,'2024-07-07 14:35:33','I Made Susanta','5103060502840006','BALI','KABUPATEN BADUNG','KUTA UTARA','KEROBOKAN','Badung','1984-02-05','O+','D3','Politeknik Negeri Bali','5431','2004-10-14','Jalan Banjar Padang','made.susanta@themulia.com','081805315084','Pt. Mulia Graha Tata Lestari','Perhotelan','Deputy Chief Engineer','Jalan Raya Sawangan Nusa Dua','made.susanta@themuli'),(616,37,2,'2024-07-07 14:35:33','Albet Veber Wandi Habonaran S','1271141002890005','DKI JAKARTA','KOTA JAKARTA TIMUR','KRAMAT JATI','CILILITAN','Semarang','1989-02-10','AB+','S1','','1022389','2012-08-31','Cililitan Besar','albet.veber@sttelemediagdc.co.id','085361859187',' Pt Stt Gdc Indonesia','Data Centre','DCSO Lead','Greenland International Industrial Center (GIIC) Blok EA No 1, Pasirranji, Cikarang Pusat, Bekasi, Jawa Barat','021 - 3971 5858'),(617,37,2,'2024-07-07 14:35:33','Sefwilli Bentey','7202200406020001','KALIMANTAN TIMUR','KOTA BONTANG','BONTANG BARAT','GUNUNG TELIHAN','Salukaia','2002-04-06','Golongan Da','SMA / SMK','SMK Nusantara Mandiri Bontang','1092280','2020-05-02','Jl. flores','sefwillybentey@gmail.com','081239574346','Pt. Geoservices','pertambangan','preparasi','Bontang','sefwillybentey@gmail'),(618,37,2,'2024-07-07 14:35:33','Sefwilli Bentey','7202200406020001','KALIMANTAN TIMUR','KOTA BONTANG','BONTANG BARAT','GUNUNG TELIHAN','Salukaia','2002-04-06','Golongan Da','SMA / SMK','SMK Nusantara Mandiri Bontang','1092280','2020-05-02','Jl. flores','sefwillybentey@gmail.com','081239574346','Pt. Geoservices','pertambangan','preparasi','Bontang','sefwillybentey@gmail'),(619,37,2,'2024-07-07 14:35:33','Sefwilli Bentey','7202200406020001','KALIMANTAN TIMUR','KOTA BONTANG','BONTANG BARAT','GUNUNG TELIHAN','Salukaia','2002-04-06','Golongan Da','SMA / SMK','SMK Nusantara Mandiri Bontang','1092280','2020-05-02','Jl. flores','sefwillybentey@gmail.com','081239574346','Pt. Geoservices','pertambangan','preparasi','Bontang','sefwillybentey@gmail'),(620,37,2,'2024-07-07 14:35:33','Kukuh Syirotol Ichsan','331710020692001','JAWA BARAT','KABUPATEN BOGOR','Pilih Kecamatan','Pilih Kelurahan','Rembang','2023-11-18','O-','S1','Institut Pertanian Bogor','2004170067','2017-05-22','Griya Bukit Jaya BlokE3 no.8','kukuh.ichsan@japfa.com','085693224378','Pt. Vaksindo Satwa Nusantara','Poultry Vaccine','Head of BSL-2 Production','Jalan Mercedes Benz 12, Gunung Putri, Kab Bogor','info.vsn@japfa.com'),(621,42,2,'2024-07-07 14:35:33','Agus Hidayat','3205330408880003','JAWA BARAT','KABUPATEN BEKASI','SETU','Pilih Kelurahan','Garut','1988-08-04','O+','SMA / SMK','Smkn N 1 Tarogong Kaler Garut','0133058','2007-06-16','Green Harmoni blok L2 no 08 Rt 09 Rw 19 Kel.Lubang Buaya Kec. Setu Kab.Bekasi','agus.hidayat@ ttme.co.id','081809252158','Pt.toyota Tsusho Mechanical & Enginering Service Indonesia','Trading & Enginering','Staff','Mm2100 Bm Rental factory B 3-4 Jl Madura I Blok L9 Cikarang Barat 17530','021 8998 1688'),(622,41,1,'2024-07-07 14:35:33','SUGENG RIYADI','3302220207830002','JAWA TENGAH','KOTA SALATIGA','ARGOMULYO','Pilih Kelurahan','Banyumas','1983-07-02','O+','SMA / SMK','(PKBM) SUKSES BERKAH BERKARYA','0186057','2023-06-30','Perum. Argomulyo A23 Rt01/Rw10 ledok salatiga','hafizalfatih056@gmail.com','088806233259','Pt. Duta Kencana Jaya','Lift dan escalator','Teknisi','Jl. Taman Majapahit indah ruko 7 pedurungan lor semarang','024-6711707'),(623,41,1,'2024-07-07 14:35:33','SUGENG RIYADI','3302220207830002','JAWA TENGAH','KOTA SALATIGA','ARGOMULYO','Pilih Kelurahan','Banyumas','1983-07-02','O+','SMA / SMK','(PKBM) SUKSES BERKAH BERKARYA','0186057','2023-06-30','Perum. Argomulyo A23 Rt01/Rw10 ledok salatiga','hafizalfatih056@gmail.com','088806233259','Pt. Duta Kencana Jaya','Lift dan escalator','Teknisi','Jl. Taman Majapahit indah ruko 7 pedurungan lor semarang','024-6711707'),(624,41,1,'2024-07-07 14:35:33','SUGENG RIYADI','3302220207830002','JAWA TENGAH','KOTA SALATIGA','ARGOMULYO','Pilih Kelurahan','Banyumas','1983-07-02','O+','SMA / SMK','(PKBM) SUKSES BERKAH BERKARYA','0186057','2023-06-30','Perum. Argomulyo A23 Rt01/Rw10 ledok salatiga','hafizalfatih056@gmail.com','088806233259','Pt. Duta Kencana Jaya','Lift dan escalator','Teknisi','Jl. Taman Majapahit indah ruko 7 pedurungan lor semarang','024-6711707'),(625,41,1,'2024-07-07 14:35:33','SUGENG RIYADI','3302220207830002','JAWA TENGAH','KOTA SALATIGA','ARGOMULYO','Pilih Kelurahan','Banyumas','1983-07-02','O+','SMA / SMK','(PKBM) SUKSES BERKAH BERKARYA','0186057','2023-06-30','Perum. Argomulyo A23 Rt01/Rw10 ledok salatiga','hafizalfatih056@gmail.com','088806233259','Pt. Duta Kencana Jaya','Lift dan escalator','Teknisi','Jl. Taman Majapahit indah ruko 7 pedurungan lor semarang','024-6711707'),(626,41,1,'2024-07-07 14:35:33','SUGENG RIYADI','3302220207830002','JAWA TENGAH','KOTA SALATIGA','ARGOMULYO','Pilih Kelurahan','Banyumas','1983-07-02','O+','SMA / SMK','(PKBM) SUKSES BERKAH BERKARYA','0186057','2023-06-30','Perum. Argomulyo A23 Rt01/Rw10 ledok salatiga','hafizalfatih056@gmail.com','088806233259','Pt. Duta Kencana Jaya','Lift dan escalator','Teknisi','Jl. Taman Majapahit indah ruko 7 pedurungan lor semarang','024-6711707'),(627,41,1,'2024-07-07 14:35:33','Saepul Yusup ','3201282704890003','JAWA BARAT','KABUPATEN BOGOR','Pilih Kecamatan','Pilih Kelurahan','Bogor','1989-04-27','none','SMA / SMK','SMA NEGERI 1 CIGOMBONG.BOGOR','0066608','2008-06-14','Kp.Bojong Menteng Rt/Rw 01/007. Desa Cibalung. Kecamatan Cijeruk ','saepulyusup7@gmail.com','081280297546','Pt Jaya Kencana','Elevator & Escalator ','Teknisi Mekanik ','Jl. Salemba Raya 61. Jakarta - 10440','Ph : 62-21-3908501, '),(628,41,1,'2024-07-07 14:35:33','Saepul Yusup ','3201282704890003','JAWA BARAT','KABUPATEN BOGOR','Pilih Kecamatan','Pilih Kelurahan','Bogor','1989-04-27','none','SMA / SMK','SMA NEGERI 1 CIGOMBONG.BOGOR','0066608','2008-06-14','Kp.Bojong Menteng Rt/Rw 01/007. Desa Cibalung. Kecamatan Cijeruk ','saepulyusup7@gmail.com','081280297546','Pt Jaya Kencana','Elevator & Escalator ','Teknisi Mekanik ','Jl. Salemba Raya 61. Jakarta - 10440','Ph : 62-21-3908501, '),(629,41,1,'2024-07-07 14:35:33','Aswin Chorniawan','3578152806750002','JAWA TIMUR','KOTA SURABAYA','KREMBANGAN','MOROKREMBANGAN','Surabaya','1975-06-28','none','SMA / SMK','SMK Bubutan Surabaya','0153850','1996-05-27','Gadukan Utara 5A no 30 Surabaya','jaken.sby.maintenance@gmail.com','0813-3144-7053','Pt Jaya Kencana','Jasa Konstruksi','Teknii Lift Escalator','Jl Rungkut Industri 1 no. 9 Surabaya','031-8421515'),(630,44,1,'2024-07-07 14:35:33','M Arief Alhamda','1671070206890006','SUMATERA SELATAN','KOTA PALEMBANG','SUKARAMI','SUKAJAYA','Palembang','1989-06-02','O+','S1','Universitas Sriwijaya','084401032012','2012-09-26','Jalan Sukabangun 2 Komp Pepaya Indah No 2064 Rt 005 Re 001','arief.alhamda@yahoo.com','085383938363','Pt Hindoli','Pengolahan Sawit','Foreman Electric','Jalan Raya Palembang-Jambi Desa Teluk Kemang Kecamatan  Sungai Lilin Muba Sumatera Selatan','marief_alhamda@cargi'),(631,44,1,'2024-07-07 14:35:33','M Arief Alhamda','1671070206890006','SUMATERA SELATAN','KOTA PALEMBANG','SUKARAMI','SUKAJAYA','Palembang','1989-06-02','O+','S1','Universitas Sriwijaya','084401032012','2012-09-26','Jalan Sukabangun 2 Komp Pepaya Indah No 2064 Rt 005 Re 001','arief.alhamda@yahoo.com','085383938363','Pt Hindoli','Pengolahan Sawit','Foreman Electric','Jalan Raya Palembang-Jambi Desa Teluk Kemang Kecamatan  Sungai Lilin Muba Sumatera Selatan','marief_alhamda@cargi'),(632,37,2,'2024-07-07 14:35:33','Sri Purwanto','3215290806800001','JAWA BARAT','KABUPATEN KARAWANG','PURWASARI','PURWASARI','Sukoharjo','1980-06-08','O+','SMA / SMK','SMK N 2 SURAKARTA','0007324','1999-05-24','Perum Trully Purwasari blok Q no 7 Purwasari Karawang','purwantosri376@gmail.com','O85771645308','Pt. Sumi Rubber Indonesia','Manufacture','Leader','Kawasan Industri Indoteisei blok H sektor 1A','0264351347'),(633,37,2,'2024-07-07 14:35:33','Mario Parulian','3276061502980003','DKI JAKARTA','KOTA JAKARTA SELATAN','PASAR MINGGU','PASAR MINGGU','Jakarta','1998-02-16','O+','SMA / SMK','Bunda Kandung','0018162','2016-05-07','KP. Kemiri Sawah no.6a rt.05/rw.15','Marioparulian98@gmail.com','082124100097','Pt Stt Gdc Indonesia','Data Centre','Site Operation Specialist','Greenland International Industrial Center (GIIC) Blok EA No 1, Pasirranji, Cikarang Pusat, Bekasi, Jawa Barat','021 - 3971 5858');
/*!40000 ALTER TABLE `pendaftaran` ENABLE KEYS */;
UNLOCK TABLES;

--
-- Table structure for table `pendidikan`
--

DROP TABLE IF EXISTS `pendidikan`;
/*!40101 SET @saved_cs_client     = @@character_set_client */;
/*!50503 SET character_set_client = utf8mb4 */;
CREATE TABLE `pendidikan` (
  `id` int NOT NULL,
  `pendidikan` varchar(9) DEFAULT NULL,
  PRIMARY KEY (`id`)
) ENGINE=InnoDB DEFAULT CHARSET=utf8mb4 COLLATE=utf8mb4_0900_ai_ci;
/*!40101 SET character_set_client = @saved_cs_client */;

--
-- Dumping data for table `pendidikan`
--

LOCK TABLES `pendidikan` WRITE;
/*!40000 ALTER TABLE `pendidikan` DISABLE KEYS */;
INSERT INTO `pendidikan` VALUES (1,'SD'),(2,'SMP'),(3,'SMA / SMK'),(4,'D3'),(5,'S1'),(6,'S2');
/*!40000 ALTER TABLE `pendidikan` ENABLE KEYS */;
UNLOCK TABLES;

--
-- Table structure for table `pendidikan_terakhir`
--

DROP TABLE IF EXISTS `pendidikan_terakhir`;
/*!40101 SET @saved_cs_client     = @@character_set_client */;
/*!50503 SET character_set_client = utf8mb4 */;
CREATE TABLE `pendidikan_terakhir` (
  `id` int NOT NULL AUTO_INCREMENT,
  `id_kelas` int NOT NULL,
  `id_pendidikan` int NOT NULL,
  PRIMARY KEY (`id`)
) ENGINE=InnoDB AUTO_INCREMENT=72 DEFAULT CHARSET=utf8mb4 COLLATE=utf8mb4_0900_ai_ci;
/*!40101 SET character_set_client = @saved_cs_client */;

--
-- Dumping data for table `pendidikan_terakhir`
--

LOCK TABLES `pendidikan_terakhir` WRITE;
/*!40000 ALTER TABLE `pendidikan_terakhir` DISABLE KEYS */;
INSERT INTO `pendidikan_terakhir` VALUES (1,1,4),(2,1,5),(3,2,3),(4,2,4),(5,2,5),(6,3,3),(7,3,4),(8,3,5),(9,4,3),(10,4,4),(11,4,5),(12,5,4),(13,5,5),(14,6,3),(15,6,4),(16,6,5),(17,7,3),(18,7,4),(19,7,5),(20,8,2),(21,8,3),(22,8,4),(23,8,5),(24,9,3),(25,9,4),(26,9,5),(27,10,3),(28,10,4),(29,10,5),(30,11,3),(31,11,4),(32,11,5),(33,12,3),(34,12,4),(35,12,5),(36,13,3),(37,13,4),(38,13,5),(39,14,3),(40,14,4),(41,14,5),(42,15,3),(43,15,4),(44,15,5),(45,16,3),(46,16,4),(47,16,5),(48,17,3),(49,17,4),(50,17,5),(51,18,1),(52,18,2),(53,18,3),(54,18,4),(55,18,5),(56,19,1),(57,19,2),(58,19,3),(59,19,4),(60,19,5),(61,20,2),(62,20,3),(63,20,4),(64,20,5),(65,8,6),(66,7,6),(67,6,6),(68,5,6),(69,4,6),(70,1,6);
/*!40000 ALTER TABLE `pendidikan_terakhir` ENABLE KEYS */;
UNLOCK TABLES;

--
-- Table structure for table `sertifikat`
--

DROP TABLE IF EXISTS `sertifikat`;
/*!40101 SET @saved_cs_client     = @@character_set_client */;
/*!50503 SET character_set_client = utf8mb4 */;
CREATE TABLE `sertifikat` (
  `id` int NOT NULL AUTO_INCREMENT,
  `id_pendaftaran` int NOT NULL,
  `training` varchar(100) NOT NULL,
  `training_inggris` varchar(100) NOT NULL,
  `pelaksanaan` varchar(100) NOT NULL,
  `pelaksanaan_inggris` varchar(100) NOT NULL,
  `terbit` varchar(100) NOT NULL,
  `terbit_inggris` varchar(100) NOT NULL,
  `nama` varchar(100) NOT NULL,
  `no_sertifikat` varchar(100) NOT NULL,
  PRIMARY KEY (`id`)
) ENGINE=InnoDB AUTO_INCREMENT=20 DEFAULT CHARSET=utf8mb4 COLLATE=utf8mb4_0900_ai_ci;
/*!40101 SET character_set_client = @saved_cs_client */;

--
-- Dumping data for table `sertifikat`
--

LOCK TABLES `sertifikat` WRITE;
/*!40000 ALTER TABLE `sertifikat` DISABLE KEYS */;
INSERT INTO `sertifikat` VALUES (18,166,'Pembinaan dan Sertifikasi Keselamatan dan Kesehan Kerja (K3) Forklift','The Occupational Safety And Health (OSH) Technical Training Operation And Maintenance for Forklift','Pada Tanggal 02 s.d 04 Januari','Bekasi, January 27 th , 2023','Bekasi, 27 Januari 2023 ','Bekasi, January 27 th , 2023','Alles Ramadhan','91212/K3/CRANE/2023'),(19,167,'Pembinaan dan Sertifikasi Keselamatan dan Kesehan Kerja (K3) Forklift','The Occupational Safety And Health (OSH) Technical Training Operation And Maintenance for Forklift','Pada Tanggal 02 s.d 04 Januari','Bekasi, January 27 th , 2023','Bekasi, 27 Januari 2023 ','Bekasi, January 27 th , 2023','allek','91213/K3/CRANE/2023');
/*!40000 ALTER TABLE `sertifikat` ENABLE KEYS */;
UNLOCK TABLES;

--
-- Table structure for table `sertifikat_indonesia`
--

DROP TABLE IF EXISTS `sertifikat_indonesia`;
/*!40101 SET @saved_cs_client     = @@character_set_client */;
/*!50503 SET character_set_client = utf8mb4 */;
CREATE TABLE `sertifikat_indonesia` (
  `id` int NOT NULL AUTO_INCREMENT,
  `sertifikat_indonesia` varchar(512) DEFAULT NULL,
  PRIMARY KEY (`id`)
) ENGINE=InnoDB AUTO_INCREMENT=25 DEFAULT CHARSET=utf8mb4 COLLATE=utf8mb4_0900_ai_ci;
/*!40101 SET character_set_client = @saved_cs_client */;

--
-- Dumping data for table `sertifikat_indonesia`
--

LOCK TABLES `sertifikat_indonesia` WRITE;
/*!40000 ALTER TABLE `sertifikat_indonesia` DISABLE KEYS */;
INSERT INTO `sertifikat_indonesia` VALUES (1,'Pembinaan dan Sertifikasi Keselamatan dan Kesehatan Kerja (K3) Overhead Crane'),(2,'Pembinaan dan Sertifikasi Keselamatan dan Kesehatan Kerja (K3) Pertolongan Pertama Pada Kecelakaan Kerja (P3K) Di Tempat Kerja'),(3,'Pembinaan dan Sertifikasi Keselamatan dan Kesehan Kerja (K3) Forklift'),(4,'Pembinaan dan Sertifikasi Keselamatan dan Kesehatan Kerja (K3) Overhead Crane'),(5,'Pembinaan dan Sertifikasi Keselamatan dan Kesehatan Kerja (K3) Wheel Loader'),(6,'Pembinaan dan Sertifikasi Keselamatan dan Kesahatan Kerja (K3) Pesawat Uap'),(7,'Pembinaan dan Sertifikasi Keselamatan Kesehatan Kerja (K3) Operator RANTAI BERJALAN'),(8,'Pembinaan dan Sertifikasi Keselamatan dan Kesehatan Kerja (K3) Ruang Terbatas Umum'),(9,'Pembinaan Keselamatan dan Kesehatan Kerja (K3) Tenaga Kerja Pada Ketinggian Tingkat 1'),(10,'Pembinaan dan Sertifikasi Keselamatan dan Kesehatan Kerja (K3) Teknisi Perancah'),(11,'Pembinaan dan Sertifikasi Keselamatan dan Kesehatan Kerja (K3) Diesel');
/*!40000 ALTER TABLE `sertifikat_indonesia` ENABLE KEYS */;
UNLOCK TABLES;

--
-- Table structure for table `sertifikat_ing`
--

DROP TABLE IF EXISTS `sertifikat_ing`;
/*!40101 SET @saved_cs_client     = @@character_set_client */;
/*!50503 SET character_set_client = utf8mb4 */;
CREATE TABLE `sertifikat_ing` (
  `id` int NOT NULL AUTO_INCREMENT,
  `sertifikat_ing` varchar(512) DEFAULT NULL,
  `id_ser` int DEFAULT NULL,
  PRIMARY KEY (`id`)
) ENGINE=InnoDB AUTO_INCREMENT=16 DEFAULT CHARSET=utf8mb4 COLLATE=utf8mb4_0900_ai_ci;
/*!40101 SET character_set_client = @saved_cs_client */;

--
-- Dumping data for table `sertifikat_ing`
--

LOCK TABLES `sertifikat_ing` WRITE;
/*!40000 ALTER TABLE `sertifikat_ing` DISABLE KEYS */;
INSERT INTO `sertifikat_ing` VALUES (1,'The Occupational Safety And Health (OSH) Technical Operation And Maintance For Overhead Crane',1),(2,'The Occupational Safety And Health (OSH) Training of First Aid at Workplace',2),(3,'The Occupational Safety And Health (OSH) Technical Training Operation And Maintenance for Forklift',3),(4,'The Occupational Safety And Health (OSH) Technical Training Operation And Maintenance for Overhead Crane',4),(5,'The Occupational Safety And Health (OSH) Technical Training Operation And Maintenance for Wheel Loader',5),(6,'The Occupational Safety And Health (OSH) Technical Training Operation And Maintenance for Boiler',6),(7,'The Occupational Safety And Health (OSH) Technical Training Operation And Maintenance of Conveyor',7),(8,'The Occupational Safety And Health (OSH) Technical Training of expert level confined space',8),(9,'Training of Occupational Safety And Health (OSH) Worker At High Level 1 Training ',9),(10,'The Occupational Safety and Health (OSH) Training of Operation and Handling Scaffolding Technician',10),(11,'The Occupational Safety And Health (OSH) Technical Training Operation And Maintenance for Genset',11);
/*!40000 ALTER TABLE `sertifikat_ing` ENABLE KEYS */;
UNLOCK TABLES;

--
-- Table structure for table `survei`
--

DROP TABLE IF EXISTS `survei`;
/*!40101 SET @saved_cs_client     = @@character_set_client */;
/*!50503 SET character_set_client = utf8mb4 */;
CREATE TABLE `survei` (
  `id` int NOT NULL AUTO_INCREMENT,
  `id_peserta` int NOT NULL,
  `id_form` int NOT NULL,
  `jawaban1` int NOT NULL,
  `jawaban2` int NOT NULL,
  `jawaban3` int NOT NULL,
  `jawaban4` int NOT NULL,
  `jawaban5` int NOT NULL,
  `kesan` text NOT NULL,
  `pesan` text NOT NULL,
  PRIMARY KEY (`id`)
) ENGINE=InnoDB AUTO_INCREMENT=16 DEFAULT CHARSET=utf8mb4 COLLATE=utf8mb4_0900_ai_ci;
/*!40101 SET character_set_client = @saved_cs_client */;

--
-- Dumping data for table `survei`
--

LOCK TABLES `survei` WRITE;
/*!40000 ALTER TABLE `survei` DISABLE KEYS */;
INSERT INTO `survei` VALUES (15,166,37,1,1,1,4,1,'baik','baik');
/*!40000 ALTER TABLE `survei` ENABLE KEYS */;
UNLOCK TABLES;

--
-- Table structure for table `survei_instruktur`
--

DROP TABLE IF EXISTS `survei_instruktur`;
/*!40101 SET @saved_cs_client     = @@character_set_client */;
/*!50503 SET character_set_client = utf8mb4 */;
CREATE TABLE `survei_instruktur` (
  `id` int NOT NULL AUTO_INCREMENT,
  `jawaban1` int NOT NULL,
  `jawaban2` int NOT NULL,
  `jawaban3` int NOT NULL,
  `jawaban4` int NOT NULL,
  `jawaban5` int NOT NULL,
  `jawaban6` int NOT NULL,
  `pesan` text NOT NULL,
  `instruktur` text NOT NULL,
  `id_peserta` int NOT NULL,
  `id_form` int NOT NULL,
  PRIMARY KEY (`id`)
) ENGINE=InnoDB AUTO_INCREMENT=11 DEFAULT CHARSET=utf8mb4 COLLATE=utf8mb4_0900_ai_ci;
/*!40101 SET character_set_client = @saved_cs_client */;

--
-- Dumping data for table `survei_instruktur`
--

LOCK TABLES `survei_instruktur` WRITE;
/*!40000 ALTER TABLE `survei_instruktur` DISABLE KEYS */;
INSERT INTO `survei_instruktur` VALUES (10,1,1,1,1,3,2,'Mantap','aji',166,37);
/*!40000 ALTER TABLE `survei_instruktur` ENABLE KEYS */;
UNLOCK TABLES;

--
-- Table structure for table `tb_jenis_alat`
--

DROP TABLE IF EXISTS `tb_jenis_alat`;
/*!40101 SET @saved_cs_client     = @@character_set_client */;
/*!50503 SET character_set_client = utf8mb4 */;
CREATE TABLE `tb_jenis_alat` (
  `id` int NOT NULL AUTO_INCREMENT,
  `id_kelompol_pembinaan` int DEFAULT NULL,
  `Jenis_alat` int DEFAULT NULL,
  `created_at` timestamp NOT NULL DEFAULT CURRENT_TIMESTAMP,
  `updated_at` timestamp NOT NULL DEFAULT CURRENT_TIMESTAMP,
  PRIMARY KEY (`id`)
) ENGINE=InnoDB AUTO_INCREMENT=54 DEFAULT CHARSET=utf8mb4 COLLATE=utf8mb4_0900_ai_ci;
/*!40101 SET character_set_client = @saved_cs_client */;

--
-- Dumping data for table `tb_jenis_alat`
--

LOCK TABLES `tb_jenis_alat` WRITE;
/*!40000 ALTER TABLE `tb_jenis_alat` DISABLE KEYS */;
INSERT INTO `tb_jenis_alat` VALUES (1,1,1,'2024-06-13 04:08:04','2024-06-13 04:08:04'),(2,1,2,'2024-06-13 04:08:04','2024-06-13 04:08:04'),(3,1,3,'2024-06-13 04:08:04','2024-06-13 04:08:04'),(4,1,4,'2024-06-13 04:08:04','2024-06-13 04:08:04'),(5,1,5,'2024-06-13 04:08:04','2024-06-13 04:08:04'),(6,1,6,'2024-06-13 04:08:04','2024-06-13 04:08:04'),(7,1,7,'2024-06-13 04:08:04','2024-06-13 04:08:04'),(8,1,8,'2024-06-13 04:08:04','2024-06-13 04:08:04'),(9,1,9,'2024-06-13 04:08:04','2024-06-13 04:08:04'),(10,1,10,'2024-06-13 04:08:04','2024-06-13 04:08:04'),(11,1,11,'2024-06-13 04:08:04','2024-06-13 04:08:04'),(12,1,12,'2024-06-13 04:08:04','2024-06-13 04:08:04'),(13,1,13,'2024-06-13 04:08:04','2024-06-13 04:08:04'),(14,1,14,'2024-06-13 04:08:04','2024-06-13 04:08:04'),(15,1,15,'2024-06-13 04:08:04','2024-06-13 04:08:04'),(16,1,16,'2024-06-13 04:08:04','2024-06-13 04:08:04'),(17,1,17,'2024-06-13 04:08:04','2024-06-13 04:08:04'),(18,1,18,'2024-06-13 04:08:04','2024-06-13 04:08:04'),(19,1,19,'2024-06-13 04:08:04','2024-06-13 04:08:04'),(20,1,20,'2024-06-13 04:08:04','2024-06-13 04:08:04'),(21,1,21,'2024-06-13 04:08:04','2024-06-13 04:08:04'),(22,1,22,'2024-06-13 04:08:04','2024-06-13 04:08:04'),(23,1,23,'2024-06-13 04:08:04','2024-06-13 04:08:04'),(24,1,24,'2024-06-13 04:08:04','2024-06-13 04:08:04'),(25,3,25,'2024-06-13 04:08:04','2024-06-13 04:08:04'),(26,4,26,'2024-06-13 04:08:04','2024-06-13 04:08:04'),(27,4,27,'2024-06-13 04:08:04','2024-06-13 04:08:04'),(28,4,28,'2024-06-13 04:08:04','2024-06-13 04:08:04'),(29,4,29,'2024-06-13 04:08:04','2024-06-13 04:08:04'),(30,4,30,'2024-06-13 04:08:04','2024-06-13 04:08:04'),(31,4,31,'2024-06-13 04:08:04','2024-06-13 04:08:04'),(32,4,32,'2024-06-13 04:08:04','2024-06-13 04:08:04'),(33,4,33,'2024-06-13 04:08:04','2024-06-13 04:08:04'),(34,4,34,'2024-06-13 04:08:04','2024-06-13 04:08:04'),(35,4,35,'2024-06-13 04:08:04','2024-06-13 04:08:04'),(36,4,36,'2024-06-13 04:08:04','2024-06-13 04:08:04'),(37,4,37,'2024-06-13 04:08:04','2024-06-13 04:08:04'),(38,4,38,'2024-06-13 04:08:04','2024-06-13 04:08:04'),(39,4,39,'2024-06-13 04:08:04','2024-06-13 04:08:04'),(40,4,40,'2024-06-13 04:08:04','2024-06-13 04:08:04'),(41,4,41,'2024-06-13 04:08:04','2024-06-13 04:08:04'),(42,4,42,'2024-06-13 04:08:04','2024-06-13 04:08:04'),(43,5,43,'2024-06-13 04:08:04','2024-06-13 04:08:04'),(44,5,44,'2024-06-13 04:08:04','2024-06-13 04:08:04');
/*!40000 ALTER TABLE `tb_jenis_alat` ENABLE KEYS */;
UNLOCK TABLES;

--
-- Table structure for table `tb_kelompok_pembinaan`
--

DROP TABLE IF EXISTS `tb_kelompok_pembinaan`;
/*!40101 SET @saved_cs_client     = @@character_set_client */;
/*!50503 SET character_set_client = utf8mb4 */;
CREATE TABLE `tb_kelompok_pembinaan` (
  `id` int NOT NULL AUTO_INCREMENT,
  `id_bidang` int DEFAULT NULL,
  `id_jenis_personil` int DEFAULT NULL,
  `id_kelompok_pembinaan` int DEFAULT NULL,
  `created_at` timestamp NOT NULL DEFAULT CURRENT_TIMESTAMP,
  `updated_at` timestamp NOT NULL DEFAULT CURRENT_TIMESTAMP,
  PRIMARY KEY (`id`)
) ENGINE=InnoDB AUTO_INCREMENT=34 DEFAULT CHARSET=utf8mb4 COLLATE=utf8mb4_0900_ai_ci;
/*!40101 SET character_set_client = @saved_cs_client */;

--
-- Dumping data for table `tb_kelompok_pembinaan`
--

LOCK TABLES `tb_kelompok_pembinaan` WRITE;
/*!40000 ALTER TABLE `tb_kelompok_pembinaan` DISABLE KEYS */;
INSERT INTO `tb_kelompok_pembinaan` VALUES (1,1,1,1,'2024-06-12 07:28:17','2024-06-12 07:28:17'),(2,1,1,2,'2024-06-12 07:28:17','2024-06-12 07:28:17'),(3,1,1,3,'2024-06-12 07:28:17','2024-06-12 07:28:17'),(4,1,1,4,'2024-06-12 07:28:17','2024-06-12 07:28:17'),(5,1,1,5,'2024-06-12 07:28:17','2024-06-12 07:28:17'),(6,1,1,6,'2024-06-12 07:28:17','2024-06-12 07:28:17'),(7,1,1,7,'2024-06-12 07:28:17','2024-06-12 07:28:17'),(8,1,1,8,'2024-06-12 07:28:17','2024-06-12 07:28:17'),(9,1,1,9,'2024-06-12 07:28:17','2024-06-12 07:28:17'),(10,1,1,10,'2024-06-12 07:28:17','2024-06-12 07:28:17'),(11,1,1,11,'2024-06-12 07:28:17','2024-06-12 07:28:17'),(12,1,1,12,'2024-06-12 07:28:17','2024-06-12 07:28:17'),(13,1,1,13,'2024-06-12 07:28:17','2024-06-12 07:28:17'),(14,1,1,14,'2024-06-12 07:28:17','2024-06-12 07:28:17'),(15,1,2,15,'2024-06-12 07:28:17','2024-06-12 07:28:17'),(16,1,3,2,'2024-06-12 07:28:17','2024-06-12 07:28:17'),(17,1,4,2,'2024-06-12 07:28:17','2024-06-12 07:28:17'),(18,1,5,15,'2024-06-12 07:28:17','2024-06-12 07:28:17'),(19,1,6,2,'2024-06-12 07:28:17','2024-06-12 07:28:17'),(20,2,7,16,'2024-06-12 07:28:17','2024-06-12 07:28:17'),(21,2,6,17,'2024-06-12 07:28:17','2024-06-12 07:28:17'),(22,3,1,18,'2024-06-12 07:28:17','2024-06-12 07:28:17'),(23,3,3,19,'2024-06-12 07:28:17','2024-06-12 07:28:17'),(24,3,4,20,'2024-06-12 07:28:17','2024-06-12 07:28:17'),(25,3,6,21,'2024-06-12 07:28:17','2024-06-12 07:28:17');
/*!40000 ALTER TABLE `tb_kelompok_pembinaan` ENABLE KEYS */;
UNLOCK TABLES;

--
-- Table structure for table `tb_personil`
--

DROP TABLE IF EXISTS `tb_personil`;
/*!40101 SET @saved_cs_client     = @@character_set_client */;
/*!50503 SET character_set_client = utf8mb4 */;
CREATE TABLE `tb_personil` (
  `id` int NOT NULL AUTO_INCREMENT,
  `id_bidang` int DEFAULT NULL,
  `id_jenis_personil` int DEFAULT NULL,
  `created_at` timestamp NOT NULL DEFAULT CURRENT_TIMESTAMP,
  `updated_at` timestamp NOT NULL DEFAULT CURRENT_TIMESTAMP,
  PRIMARY KEY (`id`)
) ENGINE=InnoDB AUTO_INCREMENT=55 DEFAULT CHARSET=utf8mb4 COLLATE=utf8mb4_0900_ai_ci;
/*!40101 SET character_set_client = @saved_cs_client */;

--
-- Dumping data for table `tb_personil`
--

LOCK TABLES `tb_personil` WRITE;
/*!40000 ALTER TABLE `tb_personil` DISABLE KEYS */;
INSERT INTO `tb_personil` VALUES (1,1,1,'2024-06-14 07:39:55','2024-06-14 07:39:55'),(2,1,2,'2024-06-14 07:39:55','2024-06-14 07:39:55'),(3,1,3,'2024-06-14 07:39:55','2024-06-14 07:39:55'),(4,1,4,'2024-06-14 07:39:55','2024-06-14 07:39:55'),(5,1,5,'2024-06-14 07:39:55','2024-06-14 07:39:55'),(6,1,6,'2024-06-14 07:39:55','2024-06-14 07:39:55'),(7,2,6,'2024-06-14 07:39:55','2024-06-14 07:39:55'),(8,2,7,'2024-06-14 07:39:55','2024-06-14 07:39:55'),(9,3,1,'2024-06-14 07:39:55','2024-06-14 07:39:55'),(10,3,3,'2024-06-14 07:39:55','2024-06-14 07:39:55'),(11,3,4,'2024-06-14 07:39:55','2024-06-14 07:39:55'),(12,3,6,'2024-06-14 07:39:55','2024-06-14 07:39:55'),(13,4,3,'2024-06-14 07:39:55','2024-06-14 07:39:55'),(14,4,4,'2024-06-14 07:39:55','2024-06-14 07:39:55'),(15,4,6,'2024-06-14 07:39:55','2024-06-14 07:39:55'),(16,5,8,'2024-06-14 07:39:55','2024-06-14 07:39:55'),(17,5,9,'2024-06-14 07:39:55','2024-06-14 07:39:55'),(18,5,10,'2024-06-14 07:39:55','2024-06-14 07:39:55'),(19,5,4,'2024-06-14 07:39:55','2024-06-14 07:39:55'),(20,5,6,'2024-06-14 07:39:55','2024-06-14 07:39:55'),(21,6,11,'2024-06-14 07:39:55','2024-06-14 07:39:55'),(22,6,6,'2024-06-14 07:39:55','2024-06-14 07:39:55'),(23,7,1,'2024-06-14 07:39:55','2024-06-14 07:39:55'),(24,7,3,'2024-06-14 07:39:55','2024-06-14 07:39:55'),(25,7,4,'2024-06-14 07:39:55','2024-06-14 07:39:55'),(26,7,6,'2024-06-14 07:39:55','2024-06-14 07:39:55'),(27,8,3,'2024-06-14 07:39:55','2024-06-14 07:39:55'),(28,8,5,'2024-06-14 07:39:55','2024-06-14 07:39:55'),(29,8,4,'2024-06-14 07:39:55','2024-06-14 07:39:55'),(30,8,6,'2024-06-14 07:39:55','2024-06-14 07:39:55'),(31,9,1,'2024-06-14 07:39:55','2024-06-14 07:39:55'),(32,9,3,'2024-06-14 07:39:55','2024-06-14 07:39:55'),(33,9,4,'2024-06-14 07:39:55','2024-06-14 07:39:55'),(34,9,6,'2024-06-14 07:39:55','2024-06-14 07:39:55'),(35,10,8,'2024-06-14 07:39:55','2024-06-14 07:39:55'),(36,10,3,'2024-06-14 07:39:55','2024-06-14 07:39:55'),(37,10,4,'2024-06-14 07:39:55','2024-06-14 07:39:55'),(38,10,6,'2024-06-14 07:39:55','2024-06-14 07:39:55'),(39,11,13,'2024-06-14 07:39:55','2024-06-14 07:39:55'),(40,11,8,'2024-06-14 07:39:55','2024-06-14 07:39:55'),(41,11,6,'2024-06-14 07:39:55','2024-06-14 07:39:55'),(42,12,2,'2024-06-14 07:39:55','2024-06-14 07:39:55'),(43,12,1,'2024-06-14 07:39:55','2024-06-14 07:39:55'),(44,12,6,'2024-06-14 07:39:55','2024-06-14 07:39:55'),(45,13,14,'2024-06-14 07:39:55','2024-06-14 07:39:55'),(46,13,6,'2024-06-14 07:39:55','2024-06-14 07:39:55');
/*!40000 ALTER TABLE `tb_personil` ENABLE KEYS */;
UNLOCK TABLES;

--
-- Table structure for table `training`
--

DROP TABLE IF EXISTS `training`;
/*!40101 SET @saved_cs_client     = @@character_set_client */;
/*!50503 SET character_set_client = utf8mb4 */;
CREATE TABLE `training` (
  `id` int NOT NULL,
  `Training` varchar(28) DEFAULT NULL,
  PRIMARY KEY (`id`)
) ENGINE=InnoDB DEFAULT CHARSET=utf8mb4 COLLATE=utf8mb4_0900_ai_ci;
/*!40101 SET character_set_client = @saved_cs_client */;

--
-- Dumping data for table `training`
--

LOCK TABLES `training` WRITE;
/*!40000 ALTER TABLE `training` DISABLE KEYS */;
INSERT INTO `training` VALUES (1,'AHLI K3 UMUM'),(2,'AUDITOR SMK3'),(3,'K3 KONSTRUKSI'),(4,'K3 LISTRIK'),(5,'K3 ELEVATOR ESKALATOR'),(6,'K3 KEBAKARAN'),(7,'K3 PAA'),(8,'K3 PTP'),(9,'K3 PUBT'),(10,'K3 LAS'),(11,'K3 KIMIA'),(12,'K3 RUANG TERBATAS'),(13,'K3 PEKERJAAN PADA KETINGGIAN'),(14,'K3 KESEHATAN KERJA');
/*!40000 ALTER TABLE `training` ENABLE KEYS */;
UNLOCK TABLES;

--
-- Table structure for table `user`
--

DROP TABLE IF EXISTS `user`;
/*!40101 SET @saved_cs_client     = @@character_set_client */;
/*!50503 SET character_set_client = utf8mb4 */;
CREATE TABLE `user` (
  `id` int NOT NULL AUTO_INCREMENT,
  `nama` varchar(100) NOT NULL,
  `email` varchar(100) NOT NULL,
  `phone_number` varchar(20) NOT NULL,
  `password` varchar(200) NOT NULL,
  `level` int NOT NULL,
  PRIMARY KEY (`id`)
) ENGINE=InnoDB AUTO_INCREMENT=15 DEFAULT CHARSET=utf8mb4 COLLATE=utf8mb4_0900_ai_ci;
/*!40101 SET character_set_client = @saved_cs_client */;

--
-- Dumping data for table `user`
--

LOCK TABLES `user` WRITE;
/*!40000 ALTER TABLE `user` DISABLE KEYS */;
INSERT INTO `user` VALUES (1,'madani','admin@gmail.com','08219120','81dc9bdb52d04dc20036dbd8313ed055',1),(2,'aji','aji@mail.com','081240470207','81dc9bdb52d04dc20036dbd8313ed055',2),(6,'Ghaida Trisnanda ','gtrifarizqi@gmail.com','62895378073710','ee2a9c0d840e71c16af90af0b06daf9c',2),(7,'Yuyun','yuyunarniwiyana1405@gmail.com','089635939305','45efc858243c74cb8e6b52656504873f',2),(8,'Ecashita','ecashita@gmail.com','087811057757','93561a43d2e1019ca879f7fc4bceb6a8',2),(9,'Erje','deltaindonesiasurabaya@gmail.com','081288800466','0f5aaaf14d9a2d371853e46119abba27',2),(10,'Nur Afidah','deltaindonesia.jbi@gmail.com','083815415554','827ccb0eea8a706c4c34a16891f84e7b',2),(11,'AGUSTYANI BR BUKIT','tya.ani28@gmail.com','081318905193','d931062e826e1d6b56e345b0af418ac1',2),(14,'Daniel Setiono','danielsetiono210901@gmail.com','081239608718','81dc9bdb52d04dc20036dbd8313ed055',2);
/*!40000 ALTER TABLE `user` ENABLE KEYS */;
UNLOCK TABLES;
/*!40103 SET TIME_ZONE=@OLD_TIME_ZONE */;

/*!40101 SET SQL_MODE=@OLD_SQL_MODE */;
/*!40014 SET FOREIGN_KEY_CHECKS=@OLD_FOREIGN_KEY_CHECKS */;
/*!40014 SET UNIQUE_CHECKS=@OLD_UNIQUE_CHECKS */;
/*!40101 SET CHARACTER_SET_CLIENT=@OLD_CHARACTER_SET_CLIENT */;
/*!40101 SET CHARACTER_SET_RESULTS=@OLD_CHARACTER_SET_RESULTS */;
/*!40101 SET COLLATION_CONNECTION=@OLD_COLLATION_CONNECTION */;
/*!40111 SET SQL_NOTES=@OLD_SQL_NOTES */;

-- Dump completed on 2025-03-18  0:22:52
